#
# There is insufficient memory for the Java Runtime Environment to continue.
# Native memory allocation (mmap) failed to map 65536 bytes. Error detail: Failed to commit metaspace.
# Possible reasons:
#   The system is out of physical RAM or swap space
#   This process is running with CompressedOops enabled, and the Java Heap may be blocking the growth of the native heap
# Possible solutions:
#   Reduce memory load on the system
#   Increase physical memory or swap space
#   Check if swap backing store is full
#   Decrease Java heap size (-Xmx/-Xms)
#   Decrease number of Java threads
#   Decrease Java thread stack sizes (-Xss)
#   Set larger code cache with -XX:ReservedCodeCacheSize=
#   JVM is running with Unscaled Compressed Oops mode in which the Java heap is
#     placed in the first 4GB address space. The Java Heap base address is the
#     maximum limit for the native heap growth. Please use -XX:HeapBaseMinAddress
#     to set the Java Heap base and to place the Java Heap above 4GB virtual address.
# This output file may be truncated or incomplete.
#
#  Out of Memory Error (virtualSpaceNode.cpp:110), pid=23740, tid=2724
#
# JRE version: OpenJDK Runtime Environment Microsoft-13877129 (17.0.19+10) (build 17.0.19+10-LTS)
# Java VM: OpenJDK 64-Bit Server VM Microsoft-13877129 (17.0.19+10-LTS, mixed mode, emulated-client, sharing, tiered, compressed oops, compressed class ptrs, g1 gc, windows-amd64)
# No core dump will be written. Minidumps are not enabled by default on client versions of Windows
#

---------------  S U M M A R Y ------------

Command Line: -Xms64m -Xmx256m -XX:TieredStopAtLevel=1 -Dspring.output.ansi.enabled=always -Dcom.sun.management.jmxremote -Dspring.jmx.enabled=true -Dspring.liveBeansView.mbeanDomain -Dspring.application.admin.enabled=true -Dmanagement.endpoints.jmx.exposure.include=* -javaagent:D:\IntelliJ IDEA 2026.1.4\lib\idea_rt.jar=52581 -Dfile.encoding=UTF-8 com.zosh.SeatServiceApplication

Host: 11th Gen Intel(R) Core(TM) i3-1115G4 @ 3.00GHz, 4 cores, 7G,  Windows 10 , 64 bit Build 19041 (10.0.19041.2546)
Time: Fri Jul 31 01:10:44 2026 India Standard Time elapsed time: 24.048154 seconds (0d 0h 0m 24s)

---------------  T H R E A D  ---------------

Current thread (0x000001eb7db01cd0):  JavaThread "restartedMain" [_thread_in_vm, id=2724, stack(0x00000051ef900000,0x00000051efa00000)]

Stack: [0x00000051ef900000,0x00000051efa00000]
Native frames: (J=compiled Java code, j=interpreted, Vv=VM code, C=native code)
V  [jvm.dll+0x68cc89]  (no source info available)
V  [jvm.dll+0x845d89]  (no source info available)
V  [jvm.dll+0x847af8]  (no source info available)
V  [jvm.dll+0x848183]  (no source info available)
V  [jvm.dll+0x24d0bf]  (no source info available)
V  [jvm.dll+0x841b67]  (no source info available)
V  [jvm.dll+0x6332eb]  (no source info available)
V  [jvm.dll+0x1c4cdd]  (no source info available)
V  [jvm.dll+0x635c72]  (no source info available)
V  [jvm.dll+0x633ca6]  (no source info available)
V  [jvm.dll+0x2414c0]  (no source info available)
V  [jvm.dll+0x63dcb5]  (no source info available)
V  [jvm.dll+0x1ee875]  (no source info available)
V  [jvm.dll+0x1eed85]  (no source info available)
V  [jvm.dll+0x1ef72c]  (no source info available)
V  [jvm.dll+0x1e5031]  (no source info available)
V  [jvm.dll+0x5520d9]  (no source info available)
V  [jvm.dll+0x7c02db]  (no source info available)
V  [jvm.dll+0x7c03d4]  (no source info available)
V  [jvm.dll+0x41dc84]  (no source info available)
V  [jvm.dll+0x4247b9]  (no source info available)
C  [java.dll+0x1818]  (no source info available)

Java frames: (J=compiled Java code, j=interpreted, Vv=VM code)
J 1208  java.lang.ClassLoader.defineClass1(Ljava/lang/ClassLoader;Ljava/lang/String;[BIILjava/security/ProtectionDomain;Ljava/lang/String;)Ljava/lang/Class; java.base@17.0.19 (0 bytes) @ 0x000001eb72b29903 [0x000001eb72b29840+0x00000000000000c3]
J 1478 c1 java.lang.ClassLoader.defineClass(Ljava/lang/String;[BIILjava/security/ProtectionDomain;)Ljava/lang/Class; java.base@17.0.19 (43 bytes) @ 0x000001eb72ba0f5c [0x000001eb72ba0e60+0x00000000000000fc]
J 1292 c1 jdk.internal.loader.BuiltinClassLoader.defineClass(Ljava/lang/String;Ljdk/internal/loader/Resource;)Ljava/lang/Class; java.base@17.0.19 (121 bytes) @ 0x000001eb72b4e7e4 [0x000001eb72b4e320+0x00000000000004c4]
J 1459 c1 jdk.internal.loader.BuiltinClassLoader.findClassOnClassPathOrNull(Ljava/lang/String;)Ljava/lang/Class; java.base@17.0.19 (64 bytes) @ 0x000001eb72b9875c [0x000001eb72b984a0+0x00000000000002bc]
J 1139 c1 jdk.internal.loader.BuiltinClassLoader.loadClassOrNull(Ljava/lang/String;Z)Ljava/lang/Class; java.base@17.0.19 (143 bytes) @ 0x000001eb72b11794 [0x000001eb72b11320+0x0000000000000474]
J 1231 c1 jdk.internal.loader.ClassLoaders$AppClassLoader.loadClass(Ljava/lang/String;Z)Ljava/lang/Class; java.base@17.0.19 (40 bytes) @ 0x000001eb72b32e44 [0x000001eb72b32d00+0x0000000000000144]
J 1228 c1 java.lang.ClassLoader.loadClass(Ljava/lang/String;)Ljava/lang/Class; java.base@17.0.19 (7 bytes) @ 0x000001eb72b32284 [0x000001eb72b32240+0x0000000000000044]
v  ~StubRoutines::call_stub
J 1208  java.lang.ClassLoader.defineClass1(Ljava/lang/ClassLoader;Ljava/lang/String;[BIILjava/security/ProtectionDomain;Ljava/lang/String;)Ljava/lang/Class; java.base@17.0.19 (0 bytes) @ 0x000001eb72b29903 [0x000001eb72b29840+0x00000000000000c3]
J 1478 c1 java.lang.ClassLoader.defineClass(Ljava/lang/String;[BIILjava/security/ProtectionDomain;)Ljava/lang/Class; java.base@17.0.19 (43 bytes) @ 0x000001eb72ba0f5c [0x000001eb72ba0e60+0x00000000000000fc]
J 1292 c1 jdk.internal.loader.BuiltinClassLoader.defineClass(Ljava/lang/String;Ljdk/internal/loader/Resource;)Ljava/lang/Class; java.base@17.0.19 (121 bytes) @ 0x000001eb72b4e7e4 [0x000001eb72b4e320+0x00000000000004c4]
J 1459 c1 jdk.internal.loader.BuiltinClassLoader.findClassOnClassPathOrNull(Ljava/lang/String;)Ljava/lang/Class; java.base@17.0.19 (64 bytes) @ 0x000001eb72b9875c [0x000001eb72b984a0+0x00000000000002bc]
J 1139 c1 jdk.internal.loader.BuiltinClassLoader.loadClassOrNull(Ljava/lang/String;Z)Ljava/lang/Class; java.base@17.0.19 (143 bytes) @ 0x000001eb72b11794 [0x000001eb72b11320+0x0000000000000474]
J 1231 c1 jdk.internal.loader.ClassLoaders$AppClassLoader.loadClass(Ljava/lang/String;Z)Ljava/lang/Class; java.base@17.0.19 (40 bytes) @ 0x000001eb72b32e44 [0x000001eb72b32d00+0x0000000000000144]
J 1228 c1 java.lang.ClassLoader.loadClass(Ljava/lang/String;)Ljava/lang/Class; java.base@17.0.19 (7 bytes) @ 0x000001eb72b32284 [0x000001eb72b32240+0x0000000000000044]
v  ~StubRoutines::call_stub
J 1208  java.lang.ClassLoader.defineClass1(Ljava/lang/ClassLoader;Ljava/lang/String;[BIILjava/security/ProtectionDomain;Ljava/lang/String;)Ljava/lang/Class; java.base@17.0.19 (0 bytes) @ 0x000001eb72b29903 [0x000001eb72b29840+0x00000000000000c3]
J 1478 c1 java.lang.ClassLoader.defineClass(Ljava/lang/String;[BIILjava/security/ProtectionDomain;)Ljava/lang/Class; java.base@17.0.19 (43 bytes) @ 0x000001eb72ba0f5c [0x000001eb72ba0e60+0x00000000000000fc]
J 1292 c1 jdk.internal.loader.BuiltinClassLoader.defineClass(Ljava/lang/String;Ljdk/internal/loader/Resource;)Ljava/lang/Class; java.base@17.0.19 (121 bytes) @ 0x000001eb72b4e7e4 [0x000001eb72b4e320+0x00000000000004c4]
J 1459 c1 jdk.internal.loader.BuiltinClassLoader.findClassOnClassPathOrNull(Ljava/lang/String;)Ljava/lang/Class; java.base@17.0.19 (64 bytes) @ 0x000001eb72b9875c [0x000001eb72b984a0+0x00000000000002bc]
J 1139 c1 jdk.internal.loader.BuiltinClassLoader.loadClassOrNull(Ljava/lang/String;Z)Ljava/lang/Class; java.base@17.0.19 (143 bytes) @ 0x000001eb72b11794 [0x000001eb72b11320+0x0000000000000474]
J 1231 c1 jdk.internal.loader.ClassLoaders$AppClassLoader.loadClass(Ljava/lang/String;Z)Ljava/lang/Class; java.base@17.0.19 (40 bytes) @ 0x000001eb72b32e44 [0x000001eb72b32d00+0x0000000000000144]
J 1228 c1 java.lang.ClassLoader.loadClass(Ljava/lang/String;)Ljava/lang/Class; java.base@17.0.19 (7 bytes) @ 0x000001eb72b32284 [0x000001eb72b32240+0x0000000000000044]
v  ~StubRoutines::call_stub
j  org.hibernate.dialect.MySQLDialect.getInformationExtractor(Lorg/hibernate/tool/schema/extract/spi/ExtractionContext;)Lorg/hibernate/tool/schema/extract/spi/InformationExtractor;+0
j  org.hibernate.tool.schema.internal.HibernateSchemaManagementTool$HibernateExtractionTool.createInformationExtractor(Lorg/hibernate/tool/schema/extract/spi/ExtractionContext;)Lorg/hibernate/tool/schema/extract/spi/InformationExtractor;+12
j  org.hibernate.tool.schema.extract.internal.DatabaseInformationImpl.<init>(Lorg/hibernate/service/ServiceRegistry;Lorg/hibernate/engine/jdbc/env/spi/JdbcEnvironment;Lorg/hibernate/boot/model/relational/SqlStringGenerationContext;Lorg/hibernate/resource/transaction/spi/DdlTransactionIsolator;Lorg/hibernate/tool/schema/spi/SchemaManagementTool;)V+58
j  org.hibernate.tool.schema.extract.internal.CachingDatabaseInformationImpl.<init>(Lorg/hibernate/service/ServiceRegistry;Lorg/hibernate/engine/jdbc/env/spi/JdbcEnvironment;Lorg/hibernate/boot/model/relational/SqlStringGenerationContext;Lorg/hibernate/resource/transaction/spi/DdlTransactionIsolator;Lorg/hibernate/tool/schema/spi/SchemaManagementTool;)V+8
j  org.hibernate.tool.schema.internal.GroupedSchemaMigratorImpl.buildDatabaseInformation(Lorg/hibernate/resource/transaction/spi/DdlTransactionIsolator;Lorg/hibernate/boot/model/relational/SqlStringGenerationContext;)Lorg/hibernate/tool/schema/extract/spi/DatabaseInformation;+38
j  org.hibernate.tool.schema.internal.AbstractSchemaMigrator.doMigration(Lorg/hibernate/boot/Metadata;Lorg/hibernate/tool/schema/spi/ExecutionOptions;Lorg/hibernate/tool/schema/spi/ContributableMatcher;Lorg/hibernate/tool/schema/spi/TargetDescriptor;)V+52
j  org.hibernate.tool.schema.spi.SchemaManagementToolCoordinator.performDatabaseAction(Lorg/hibernate/tool/schema/Action;Lorg/hibernate/boot/Metadata;Lorg/hibernate/tool/schema/spi/SchemaManagementTool;Lorg/hibernate/service/ServiceRegistry;Lorg/hibernate/tool/schema/spi/ExecutionOptions;Lorg/hibernate/tool/schema/spi/ContributableMatcher;)V+235
j  org.hibernate.tool.schema.spi.SchemaManagementToolCoordinator.lambda$process$1(Lorg/hibernate/boot/Metadata;Lorg/hibernate/tool/schema/spi/SchemaManagementTool;Lorg/hibernate/service/ServiceRegistry;Lorg/hibernate/tool/schema/spi/ExecutionOptions;Lorg/hibernate/tool/schema/spi/DelayedDropRegistry;Ljava/util/Map;Lorg/hibernate/tool/schema/Action;Ljava/util/Set;)V+13
j  org.hibernate.tool.schema.spi.SchemaManagementToolCoordinator$$Lambda$1886+0x000001eb01d21588.accept(Ljava/lang/Object;Ljava/lang/Object;)V+32
j  java.util.HashMap.forEach(Ljava/util/function/BiConsumer;)V+74 java.base@17.0.19
j  org.hibernate.tool.schema.spi.SchemaManagementToolCoordinator.process(Lorg/hibernate/boot/Metadata;Lorg/hibernate/service/ServiceRegistry;Ljava/util/Map;Lorg/hibernate/tool/schema/spi/DelayedDropRegistry;)V+157
j  org.hibernate.boot.internal.SessionFactoryObserverForSchemaExport.sessionFactoryCreated(Lorg/hibernate/SessionFactory;)V+20
j  org.hibernate.internal.SessionFactoryObserverChain.sessionFactoryCreated(Lorg/hibernate/SessionFactory;)V+39
j  org.hibernate.internal.SessionFactoryImpl.<init>(Lorg/hibernate/boot/spi/MetadataImplementor;Lorg/hibernate/boot/spi/SessionFactoryOptions;Lorg/hibernate/boot/spi/BootstrapContext;)V+853
j  org.hibernate.internal.SessionFactoryRegistry.instantiateSessionFactory(Lorg/hibernate/boot/spi/MetadataImplementor;Lorg/hibernate/boot/spi/SessionFactoryOptions;Lorg/hibernate/boot/spi/BootstrapContext;)Lorg/hibernate/engine/spi/SessionFactoryImplementor;+7
j  org.hibernate.boot.internal.SessionFactoryBuilderImpl.build()Lorg/hibernate/SessionFactory;+12
j  org.hibernate.jpa.boot.internal.EntityManagerFactoryBuilderImpl.build()Ljakarta/persistence/EntityManagerFactory;+8
j  org.springframework.orm.jpa.vendor.SpringHibernateJpaPersistenceProvider.createContainerEntityManagerFactory(Ljakarta/persistence/spi/PersistenceUnitInfo;Ljava/util/Map;)Ljakarta/persistence/EntityManagerFactory;+59
j  org.springframework.orm.jpa.LocalContainerEntityManagerFactoryBean.createNativeEntityManagerFactory()Ljakarta/persistence/EntityManagerFactory;+111
j  org.springframework.orm.jpa.AbstractEntityManagerFactoryBean.buildNativeEntityManagerFactory()Ljakarta/persistence/EntityManagerFactory;+1
j  org.springframework.orm.jpa.AbstractEntityManagerFactoryBean.afterPropertiesSet()V+192
j  org.springframework.orm.jpa.LocalContainerEntityManagerFactoryBean.afterPropertiesSet()V+238
j  org.springframework.beans.factory.support.AbstractAutowireCapableBeanFactory.invokeInitMethods(Ljava/lang/String;Ljava/lang/Object;Lorg/springframework/beans/factory/support/RootBeanDefinition;)V+56
j  org.springframework.beans.factory.support.AbstractAutowireCapableBeanFactory.initializeBean(Ljava/lang/String;Ljava/lang/Object;Lorg/springframework/beans/factory/support/RootBeanDefinition;)Ljava/lang/Object;+46
j  org.springframework.beans.factory.support.AbstractAutowireCapableBeanFactory.doCreateBean(Ljava/lang/String;Lorg/springframework/beans/factory/support/RootBeanDefinition;[Ljava/lang/Object;)Ljava/lang/Object;+228
j  org.springframework.beans.factory.support.AbstractAutowireCapableBeanFactory.createBean(Ljava/lang/String;Lorg/springframework/beans/factory/support/RootBeanDefinition;[Ljava/lang/Object;)Ljava/lang/Object;+153
j  org.springframework.beans.factory.support.AbstractBeanFactory.lambda$doGetBean$0(Ljava/lang/String;Lorg/springframework/beans/factory/support/RootBeanDefinition;[Ljava/lang/Object;)Ljava/lang/Object;+4
j  org.springframework.beans.factory.support.AbstractBeanFactory$$Lambda$628+0x000001eb013fe988.getObject()Ljava/lang/Object;+16
j  org.springframework.beans.factory.support.DefaultSingletonBeanRegistry.getSingleton(Ljava/lang/String;Lorg/springframework/beans/factory/ObjectFactory;)Ljava/lang/Object;+897
J 3657 c1 org.springframework.beans.factory.support.AbstractBeanFactory.doGetBean(Ljava/lang/String;Ljava/lang/Class;[Ljava/lang/Object;Z)Ljava/lang/Object; (791 bytes) @ 0x000001eb72fb0f84 [0x000001eb72fb0940+0x0000000000000644]
J 3611 c1 org.springframework.beans.factory.support.AbstractBeanFactory.getBean(Ljava/lang/String;Ljava/lang/Class;)Ljava/lang/Object; (9 bytes) @ 0x000001eb72f99084 [0x000001eb72f99040+0x0000000000000044]
j  org.springframework.context.support.AbstractApplicationContext.finishBeanFactoryInitialization(Lorg/springframework/beans/factory/config/ConfigurableListableBeanFactory;)V+226
j  org.springframework.context.support.AbstractApplicationContext.refresh()V+94
j  org.springframework.boot.web.server.servlet.context.ServletWebServerApplicationContext.refresh()V+1
j  org.springframework.boot.SpringApplication.refresh(Lorg/springframework/context/ConfigurableApplicationContext;)V+1
j  org.springframework.boot.SpringApplication.refreshContext(Lorg/springframework/context/ConfigurableApplicationContext;)V+19
j  org.springframework.boot.SpringApplication.run([Ljava/lang/String;)Lorg/springframework/context/ConfigurableApplicationContext;+113
j  org.springframework.boot.SpringApplication.run([Ljava/lang/Class;[Ljava/lang/String;)Lorg/springframework/context/ConfigurableApplicationContext;+9
j  org.springframework.boot.SpringApplication.run(Ljava/lang/Class;[Ljava/lang/String;)Lorg/springframework/context/ConfigurableApplicationContext;+9
j  com.zosh.SeatServiceApplication.main([Ljava/lang/String;)V+3
v  ~StubRoutines::call_stub
j  jdk.internal.reflect.NativeMethodAccessorImpl.invoke0(Ljava/lang/reflect/Method;Ljava/lang/Object;[Ljava/lang/Object;)Ljava/lang/Object;+0 java.base@17.0.19
j  jdk.internal.reflect.NativeMethodAccessorImpl.invoke(Ljava/lang/Object;[Ljava/lang/Object;)Ljava/lang/Object;+133 java.base@17.0.19
j  jdk.internal.reflect.DelegatingMethodAccessorImpl.invoke(Ljava/lang/Object;[Ljava/lang/Object;)Ljava/lang/Object;+6 java.base@17.0.19
j  java.lang.reflect.Method.invoke(Ljava/lang/Object;[Ljava/lang/Object;)Ljava/lang/Object;+59 java.base@17.0.19
j  org.springframework.boot.devtools.restart.RestartLauncher.run()V+47
v  ~StubRoutines::call_stub

Compiled method (n/a) 24087 1208     n 0       java.lang.ClassLoader::defineClass1 (native)
 total in heap  [0x000001eb72b29690,0x000001eb72b29b90] = 1280
 relocation     [0x000001eb72b297f0,0x000001eb72b29828] = 56
 main code      [0x000001eb72b29840,0x000001eb72b29b90] = 848

[Constant Pool (empty)]

[MachCode]
[Entry Point]
  # {method} {0x000001eb00010f18} 'defineClass1' '(Ljava/lang/ClassLoader;Ljava/lang/String;[BIILjava/security/ProtectionDomain;Ljava/lang/String;)Ljava/lang/Class;' in 'java/lang/ClassLoader'
  # parm0:    rdx:rdx   = 'java/lang/ClassLoader'
  # parm1:    r8:r8     = 'java/lang/String'
  # parm2:    r9:r9     = '[B'
  # parm3:    rdi       = int
  # parm4:    rsi       = int
  # parm5:    rcx:rcx   = 'java/security/ProtectionDomain'
  # parm6:    [sp+0xa0]   = 'java/lang/String'  (sp of caller)
  0x000001eb72b29840: 448b 5208 | 49bb 0000 | 0000 eb01 | 0000 4d03 | d349 3bc2 | 0f84 0600 

  0x000001eb72b29858: ;   {runtime_call ic_miss_stub}
  0x000001eb72b29858: 0000 e921 | 7dd8 ff90 
[Verified Entry Point]
  0x000001eb72b29860: 8984 2400 | 90ff ff55 | 488b ec48 | 81ec 9000 | 0000 4881 | 7d10 0000 | 0000 488d | 4510 480f 
  0x000001eb72b29880: 4445 1048 | 8944 2440 | 4889 4c24 | 7048 83f9 | 0048 8d44 | 2470 480f | 4444 2470 | 4889 4424 
  0x000001eb72b298a0: 3848 8974 | 2430 4889 | 7c24 284c | 894c 2458 | 4983 f900 | 488d 4424 | 5848 0f44 | 4424 5848 
  0x000001eb72b298c0: 8944 2420 | 4c89 4424 | 5049 83f8 | 004c 8d4c | 2450 4c0f | 444c 2450 | 4889 5424 | 4848 83fa 
  0x000001eb72b298e0: 004c 8d44 | 2448 4c0f | 4444 2448 

  0x000001eb72b298ec: ;   {oop(a 'java/lang/Class'{0x00000000f09b9e28} = 'java/lang/ClassLoader')}
  0x000001eb72b298ec: 49be 289e | 9bf0 0000 | 0000 4c89 | 7424 784c | 8d74 2478 | 498b d6c5 

  0x000001eb72b29904: ;   {internal_word}
  0x000001eb72b29904: f877 49ba | 0399 b272 | eb01 0000 | 4d89 97a8 | 0200 0049 | 89a7 a002 

  0x000001eb72b2991c: ;   {external_word}
  0x000001eb72b2991c: 0000 49ba | dbb8 9599 | f87f 0000 | 4180 3a00 | 0f84 5200 | 0000 5241 

  0x000001eb72b29934: ;   {metadata({method} {0x000001eb00010f18} 'defineClass1' '(Ljava/lang/ClassLoader;Ljava/lang/String;[BIILjava/security/ProtectionDomain;Ljava/lang/String;)Ljava/lang/Class;' in 'java/lang/ClassLoader')}
  0x000001eb72b29934: 5041 5148 | ba10 0f01 | 00eb 0100 | 0049 8bcf | 4883 ec20 | f7c4 0f00 | 0000 0f84 | 1a00 0000 
  0x000001eb72b29954: 4883 ec08 

  0x000001eb72b29958: ;   {runtime_call}
  0x000001eb72b29958: 49ba e059 | 4b99 f87f | 0000 41ff | d248 83c4 | 08e9 0d00 

  0x000001eb72b2996c: ;   {runtime_call}
  0x000001eb72b2996c: 0000 49ba | e059 4b99 | f87f 0000 | 41ff d248 | 83c4 2041 | 5941 585a | 498d 8fc0 | 0200 0041 
  0x000001eb72b2998c: c787 4803 | 0000 0400 

  0x000001eb72b29994: ;   {runtime_call}
  0x000001eb72b29994: 0000 49ba | d016 58e3 | f87f 0000 | 41ff d2c5 | f877 41c7 | 8748 0300 | 0005 0000 | 00f0 8344 
  0x000001eb72b299b4: 24c0 0049 | 3baf 5003 | 0000 0f87 | 1100 0000 | 4181 bf38 | 0300 0000 | 0000 000f | 842c 0000 
  0x000001eb72b299d4: 00c5 f877 | 4889 45f8 | 498b cf4c | 8be4 4883 | ec20 4883 

  0x000001eb72b299e8: ;   {runtime_call}
  0x000001eb72b299e8: e4f0 49ba | 8067 5b99 | f87f 0000 | 41ff d249 | 8be4 4d33 | e448 8b45 | f841 c787 | 4803 0000 
  0x000001eb72b29a08: 0800 0000 | 4181 bfb8 | 0300 0002 | 0000 000f | 843f 0100 

  0x000001eb72b29a1c: ;   {external_word}
  0x000001eb72b29a1c: 0049 badb | b895 99f8 | 7f00 0041 | 803a 000f | 8450 0000 | 0048 8945 

  0x000001eb72b29a34: ;   {metadata({method} {0x000001eb00010f18} 'defineClass1' '(Ljava/lang/ClassLoader;Ljava/lang/String;[BIILjava/security/ProtectionDomain;Ljava/lang/String;)Ljava/lang/Class;' in 'java/lang/ClassLoader')}
  0x000001eb72b29a34: f848 ba10 | 0f01 00eb | 0100 0049 | 8bcf 4883 | ec20 f7c4 | 0f00 0000 | 0f84 1a00 | 0000 4883 
  0x000001eb72b29a54: ;   {runtime_call}
  0x000001eb72b29a54: ec08 49ba | e059 4b99 | f87f 0000 | 41ff d248 | 83c4 08e9 | 0d00 0000 

  0x000001eb72b29a6c: ;   {runtime_call}
  0x000001eb72b29a6c: 49ba e059 | 4b99 f87f | 0000 41ff | d248 83c4 | 2048 8b45 | f849 c787 | a002 0000 | 0000 0000 
  0x000001eb72b29a8c: 49c7 87a8 | 0200 0000 | 0000 00c5 | f877 4885 | c00f 8493 | 0000 0048 | f7c0 0100 | 0000 0f84 
  0x000001eb72b29aac: 8300 0000 | 488b 40ff | 4180 7f38 | 000f 846f | 0000 0048 | 83f8 000f | 8465 0000 | 0049 8b4f 
  0x000001eb72b29acc: 2048 83f9 | 000f 8414 | 0000 0048 | 83e9 0849 | 894f 2049 | 034f 3048 | 8901 e943 | 0000 0050 
  0x000001eb72b29aec: 498b d748 | 8bc8 4883 | ec20 f7c4 | 0f00 0000 | 0f84 1a00 | 0000 4883 

  0x000001eb72b29b04: ;   {runtime_call}
  0x000001eb72b29b04: ec08 49ba | 10d1 0999 | f87f 0000 | 41ff d248 | 83c4 08e9 | 0d00 0000 

  0x000001eb72b29b1c: ;   {runtime_call}
  0x000001eb72b29b1c: 49ba 10d1 | 0999 f87f | 0000 41ff | d248 83c4 | 2058 e903 | 0000 0048 | 8b00 498b | 8fd8 0000 
  0x000001eb72b29b3c: 00c7 8100 | 0100 0000 | 0000 00c9 | 4981 7f08 | 0000 0000 | 0f85 0100 

  0x000001eb72b29b54: ;   {runtime_call StubRoutines (1)}
  0x000001eb72b29b54: 0000 c3e9 | a473 d3ff | c5f8 7748 | 8945 f84c | 8be4 4883 | ec20 4883 

  0x000001eb72b29b6c: ;   {runtime_call}
  0x000001eb72b29b6c: e4f0 49ba | a08a 4b99 | f87f 0000 | 41ff d249 | 8be4 4d33 | e448 8b45 | f8e9 93fe | ffff f4f4 
  0x000001eb72b29b8c: f4f4 f4f4 
[/MachCode]


Compiled method (c1) 24098 1478       1       java.lang.ClassLoader::defineClass (43 bytes)
 total in heap  [0x000001eb72ba0c90,0x000001eb72ba1230] = 1440
 relocation     [0x000001eb72ba0df0,0x000001eb72ba0e50] = 96
 main code      [0x000001eb72ba0e60,0x000001eb72ba1000] = 416
 stub code      [0x000001eb72ba1000,0x000001eb72ba1078] = 120
 metadata       [0x000001eb72ba1078,0x000001eb72ba10a8] = 48
 scopes data    [0x000001eb72ba10a8,0x000001eb72ba1160] = 184
 scopes pcs     [0x000001eb72ba1160,0x000001eb72ba1200] = 160
 dependencies   [0x000001eb72ba1200,0x000001eb72ba1208] = 8
 nul chk table  [0x000001eb72ba1208,0x000001eb72ba1230] = 40

[Constant Pool (empty)]

[MachCode]
[Entry Point]
  # {method} {0x000001eb00010cb0} 'defineClass' '(Ljava/lang/String;[BIILjava/security/ProtectionDomain;)Ljava/lang/Class;' in 'java/lang/ClassLoader'
  # this:     rdx:rdx   = 'java/lang/ClassLoader'
  # parm0:    r8:r8     = 'java/lang/String'
  # parm1:    r9:r9     = '[B'
  # parm2:    rdi       = int
  # parm3:    rsi       = int
  # parm4:    rcx:rcx   = 'java/security/ProtectionDomain'
  #           [sp+0xc0]  (sp of caller)
  0x000001eb72ba0e60: 448b 5208 | 49bb 0000 | 0000 eb01 | 0000 4d03 | d34c 3bd0 

  0x000001eb72ba0e74: ;   {runtime_call ic_miss_stub}
  0x000001eb72ba0e74: 0f85 0607 | d1ff 660f | 1f44 0000 
[Verified Entry Point]
  0x000001eb72ba0e80: 8984 2400 | 90ff ff55 | 4881 ecb0 | 0000 0048 | 8954 2478 | 89b4 2494 | 0000 0089 | bc24 9000 
  0x000001eb72ba0ea0: 0000 4c89 | 8c24 8800 | 0000 498b | d84c 8bc3 | 4c8b c948 | 8bca 488b | d148 899c | 2480 0000 
  0x000001eb72ba0ec0: 0066 0f1f 

  0x000001eb72ba0ec4: ;   {optimized virtual_call}
  0x000001eb72ba0ec4: 4400 00e8 

  0x000001eb72ba0ec8: ; ImmutableOopMap {[120]=Oop [136]=Oop [128]=Oop }
                      ;*invokevirtual preDefineClass {reexecute=0 rethrow=0 return_oop=0}
                      ; - java.lang.ClassLoader::defineClass@4 (line 1015)
  0x000001eb72ba0ec8: 149e ffff | 4889 8424 | 9800 0000 

  0x000001eb72ba0ed4: ; implicit exception: dispatches to 0x000001eb72ba0f9a
  0x000001eb72ba0ed4: 448b 4010 | 4983 f800 | 0f85 0f00 

  0x000001eb72ba0ee0: ;   {oop(NULL)}
  0x000001eb72ba0ee0: 0000 48bb | 0000 0000 | 0000 0000 | e936 0000 | 0045 8b40 | 0c49 83f8 | 000f 850f 

  0x000001eb72ba0efc: ;   {oop(NULL)}
  0x000001eb72ba0efc: 0000 0048 | bb00 0000 | 0000 0000 | 00e9 1900 | 0000 418b | 5038 483b 

  0x000001eb72ba0f14: ;   {optimized virtual_call}
  0x000001eb72ba0f14: 0266 90e8 

  0x000001eb72ba0f18: ; ImmutableOopMap {[120]=Oop [136]=Oop [128]=Oop [152]=Oop }
                      ;*invokevirtual toExternalForm {reexecute=0 rethrow=0 return_oop=0}
                      ; - java.net.URL::toExternalForm@5 (line 1039)
                      ; - java.net.URL::toString@1 (line 1025)
                      ; - java.lang.ClassLoader::defineClassSourceLocation@22 (line 917)
                      ; - java.lang.ClassLoader::defineClass@12 (line 1016)
  0x000001eb72ba0f18: 840b faff | 488b d848 | 8b84 2498 | 0000 008b | b424 9400 | 0000 8bbc | 2490 0000 | 004c 8b8c 
  0x000001eb72ba0f38: 2488 0000 | 004c 8b84 | 2480 0000 | 0048 8b54 | 2478 4c8b | da49 8bd3 | 488b c848 

  0x000001eb72ba0f54: ;   {static_call}
  0x000001eb72ba0f54: 891c 24e8 

  0x000001eb72ba0f58: ; ImmutableOopMap {[152]=Oop [120]=Oop }
                      ;*invokestatic defineClass1 {reexecute=0 rethrow=0 return_oop=0}
                      ; - java.lang.ClassLoader::defineClass@27 (line 1017)
  0x000001eb72ba0f58: 0489 f8ff | 4c8b c04c | 8b8c 2498 | 0000 0048 | 8b54 2478 | 4889 8424 | a000 0000 

  0x000001eb72ba0f74: ;   {optimized virtual_call}
  0x000001eb72ba0f74: 6666 90e8 

  0x000001eb72ba0f78: ; ImmutableOopMap {[160]=Oop }
                      ;*invokevirtual postDefineClass {reexecute=0 rethrow=0 return_oop=0}
                      ; - java.lang.ClassLoader::defineClass@37 (line 1018)
  0x000001eb72ba0f78: 84ce faff | 488b 8424 | a000 0000 | 4881 c4b0 | 0000 005d 

  0x000001eb72ba0f8c: ;   {poll_return}
  0x000001eb72ba0f8c: 493b a750 | 0300 000f | 8715 0000 

  0x000001eb72ba0f98: ;   {runtime_call throw_null_pointer_exception Runtime1 stub}
  0x000001eb72ba0f98: 00c3 e881 

  0x000001eb72ba0f9c: ; ImmutableOopMap {[120]=Oop [136]=Oop [128]=Oop rax=Oop [152]=Oop }
                      ;*invokevirtual getCodeSource {reexecute=0 rethrow=0 return_oop=0}
                      ; - java.lang.ClassLoader::defineClassSourceLocation@1 (line 914)
                      ; - java.lang.ClassLoader::defineClass@12 (line 1016)
                      ;   {runtime_call throw_null_pointer_exception Runtime1 stub}
  0x000001eb72ba0f9c: 1adb ffe8 

  0x000001eb72ba0fa0: ; ImmutableOopMap {[120]=Oop [136]=Oop [128]=Oop rax=Oop [152]=Oop }
                      ;*invokevirtual getLocation {reexecute=0 rethrow=0 return_oop=0}
                      ; - java.lang.ClassLoader::defineClassSourceLocation@12 (line 916)
                      ; - java.lang.ClassLoader::defineClass@12 (line 1016)
  0x000001eb72ba0fa0: 7c1a dbff 

  0x000001eb72ba0fa4: ;   {runtime_call throw_null_pointer_exception Runtime1 stub}
  0x000001eb72ba0fa4: e877 1adb 

  0x000001eb72ba0fa8: ; ImmutableOopMap {[120]=Oop [136]=Oop [128]=Oop [152]=Oop r8=Oop }
                      ;*invokevirtual toString {reexecute=0 rethrow=0 return_oop=0}
                      ; - java.lang.ClassLoader::defineClassSourceLocation@22 (line 917)
                      ; - java.lang.ClassLoader::defineClass@12 (line 1016)
                      ;   {runtime_call throw_null_pointer_exception Runtime1 stub}
  0x000001eb72ba0fa8: ffe8 721a 

  0x000001eb72ba0fac: ; ImmutableOopMap {[120]=Oop [136]=Oop [128]=Oop [152]=Oop r8=Oop rdx=Oop }
                      ;*invokevirtual toExternalForm {reexecute=0 rethrow=0 return_oop=0}
                      ; - java.net.URL::toExternalForm@5 (line 1039)
                      ; - java.net.URL::toString@1 (line 1025)
                      ; - java.lang.ClassLoader::defineClassSourceLocation@22 (line 917)
                      ; - java.lang.ClassLoader::defineClass@12 (line 1016)
                      ;   {internal_word}
  0x000001eb72ba0fac: dbff 49ba | 8c0f ba72 | eb01 0000 | 4d89 9768 

  0x000001eb72ba0fbc: ;   {runtime_call SafepointBlob}
  0x000001eb72ba0fbc: 0300 00e9 | bc7f d1ff | 9090 498b | 87e0 0300 | 0049 c787 | e003 0000 | 0000 0000 | 49c7 87e8 
  0x000001eb72ba0fdc: 0300 0000 | 0000 0048 | 81c4 b000 

  0x000001eb72ba0fe8: ;   {runtime_call unwind_exception Runtime1 stub}
  0x000001eb72ba0fe8: 0000 5de9 | 100b dbff | f4f4 f4f4 | f4f4 f4f4 | f4f4 f4f4 | f4f4 f4f4 
[Stub Code]
  0x000001eb72ba1000: ;   {no_reloc}
  0x000001eb72ba1000: 0f1f 4400 

  0x000001eb72ba1004: ;   {static_stub}
  0x000001eb72ba1004: 0048 bb00 | 0000 0000 

  0x000001eb72ba100c: ;   {runtime_call}
  0x000001eb72ba100c: 0000 00e9 | fbff ffff 

  0x000001eb72ba1014: ;   {static_stub}
  0x000001eb72ba1014: 9048 bb00 | 0000 0000 

  0x000001eb72ba101c: ;   {runtime_call}
  0x000001eb72ba101c: 0000 00e9 | fbff ffff 

  0x000001eb72ba1024: ;   {static_stub}
  0x000001eb72ba1024: 9048 bb00 | 0000 0000 

  0x000001eb72ba102c: ;   {runtime_call}
  0x000001eb72ba102c: 0000 00e9 | fbff ffff 

  0x000001eb72ba1034: ;   {static_stub}
  0x000001eb72ba1034: 9048 bb00 | 0000 0000 

  0x000001eb72ba103c: ;   {runtime_call}
  0x000001eb72ba103c: 0000 00e9 | fbff ffff 
[Exception Handler]
  0x000001eb72ba1044: ;   {runtime_call handle_exception_from_callee Runtime1 stub}
  0x000001eb72ba1044: e8b7 3fdb 

  0x000001eb72ba1048: ;   {external_word}
  0x000001eb72ba1048: ff48 b950 | ba6f 99f8 | 7f00 0048 

  0x000001eb72ba1054: ;   {runtime_call}
  0x000001eb72ba1054: 83e4 f049 | ba00 3438 | 99f8 7f00 | 0041 ffd2 

  0x000001eb72ba1064: ;   {section_word}
  0x000001eb72ba1064: f449 ba65 | 10ba 72eb | 0100 0041 

  0x000001eb72ba1070: ;   {runtime_call DeoptimizationBlob}
  0x000001eb72ba1070: 52e9 aa93 | d1ff f4f4 
[/MachCode]


Compiled method (c1) 24111 1292       1       jdk.internal.loader.BuiltinClassLoader::defineClass (121 bytes)
 total in heap  [0x000001eb72b4e090,0x000001eb72b4ef08] = 3704
 relocation     [0x000001eb72b4e1f0,0x000001eb72b4e320] = 304
 main code      [0x000001eb72b4e320,0x000001eb72b4e940] = 1568
 stub code      [0x000001eb72b4e940,0x000001eb72b4ea88] = 328
 metadata       [0x000001eb72b4ea88,0x000001eb72b4ead0] = 72
 scopes data    [0x000001eb72b4ead0,0x000001eb72b4ed28] = 600
 scopes pcs     [0x000001eb72b4ed28,0x000001eb72b4eec8] = 416
 dependencies   [0x000001eb72b4eec8,0x000001eb72b4eed0] = 8
 handler table  [0x000001eb72b4eed0,0x000001eb72b4eee8] = 24
 nul chk table  [0x000001eb72b4eee8,0x000001eb72b4ef08] = 32

[Constant Pool (empty)]

[MachCode]
[Entry Point]
  # {method} {0x000001eb004368e0} 'defineClass' '(Ljava/lang/String;Ljdk/internal/loader/Resource;)Ljava/lang/Class;' in 'jdk/internal/loader/BuiltinClassLoader'
  # this:     rdx:rdx   = 'jdk/internal/loader/BuiltinClassLoader'
  # parm0:    r8:r8     = 'java/lang/String'
  # parm1:    r9:r9     = 'jdk/internal/loader/Resource'
  #           [sp+0x110]  (sp of caller)
  0x000001eb72b4e320: 448b 5208 | 49bb 0000 | 0000 eb01 | 0000 4d03 | d34c 3bd0 

  0x000001eb72b4e334: ;   {runtime_call ic_miss_stub}
  0x000001eb72b4e334: 0f85 4632 | d6ff 660f | 1f44 0000 
[Verified Entry Point]
  0x000001eb72b4e340: 8984 2400 | 90ff ff55 | 4881 ec00 | 0100 0048 | 8994 24a0 | 0000 004c | 8984 2490 | 0000 004c 
  0x000001eb72b4e360: 898c 2498 | 0000 0049 | 8bd1 6666 | 9048 b8c0 | 5b19 00eb 

  0x000001eb72b4e374: ;   {virtual_call}
  0x000001eb72b4e374: 0100 00e8 

  0x000001eb72b4e378: ; ImmutableOopMap {[152]=Oop [160]=Oop [144]=Oop }
                      ;*invokevirtual getCodeSourceURL {reexecute=0 rethrow=0 return_oop=0}
                      ; - jdk.internal.loader.BuiltinClassLoader::defineClass@1 (line 842)
  0x000001eb72b4e378: a430 0500 | 4889 8424 | a800 0000 | 4c8b 8424 | 9000 0000 

  0x000001eb72b4e38c: ; implicit exception: dispatches to 0x000001eb72b4e843
  0x000001eb72b4e38c: 418b 7014 

  0x000001eb72b4e390: ; implicit exception: dispatches to 0x000001eb72b4e848
  0x000001eb72b4e390: 8b56 0c45 | 0fbe 4810 | 498b c9c1 | e118 c1f9 | 18d3 fa48 | 8bfa ffcf | 4183 f900 | ba00 0000 
  0x000001eb72b4e3b0: 000f 8505 | 0000 00ba | 0100 0000 | 83e2 0183 | fa00 488b | d641 b82e | 0000 004c | 8bcf 0f84 
  0x000001eb72b4e3d0: 0d00 0000 

  0x000001eb72b4e3d4: ;   {static_call}
  0x000001eb72b4e3d4: 6666 90e8 

  0x000001eb72b4e3d8: ; ImmutableOopMap {[152]=Oop [160]=Oop [168]=Oop [144]=Oop }
                      ;*invokestatic lastIndexOf {reexecute=0 rethrow=0 return_oop=0}
                      ; - java.lang.String::lastIndexOf@13 (line 2489)
                      ; - java.lang.String::lastIndexOf@8 (line 2451)
                      ; - jdk.internal.loader.BuiltinClassLoader::defineClass@8 (line 845)
  0x000001eb72b4e3d8: e4af e1ff | e90b 0000 | 0066 0f1f 

  0x000001eb72b4e3e4: ;   {static_call}
  0x000001eb72b4e3e4: 4400 00e8 

  0x000001eb72b4e3e8: ; ImmutableOopMap {[152]=Oop [160]=Oop [168]=Oop [144]=Oop }
                      ;*invokestatic lastIndexOf {reexecute=0 rethrow=0 return_oop=0}
                      ; - java.lang.String::lastIndexOf@25 (line 2490)
                      ; - java.lang.String::lastIndexOf@8 (line 2451)
                      ; - jdk.internal.loader.BuiltinClassLoader::defineClass@8 (line 845)
  0x000001eb72b4e3e8: 1442 d6ff | 83f8 ff0f | 8467 0000 | 0041 b800 | 0000 004c | 8bc8 488b | 9424 9000 

  0x000001eb72b4e404: ;   {optimized virtual_call}
  0x000001eb72b4e404: 0000 90e8 

  0x000001eb72b4e408: ; ImmutableOopMap {[152]=Oop [160]=Oop [168]=Oop [144]=Oop }
                      ;*invokevirtual substring {reexecute=0 rethrow=0 return_oop=0}
                      ; - jdk.internal.loader.BuiltinClassLoader::defineClass@23 (line 847)
  0x000001eb72b4e408: 7444 e5ff | 488b 9424 | 9800 0000 | 4889 8424 | b000 0000 | 9048 b8c0 | 5b19 00eb 

  0x000001eb72b4e424: ;   {virtual_call}
  0x000001eb72b4e424: 0100 00e8 

  0x000001eb72b4e428: ; ImmutableOopMap {[152]=Oop [160]=Oop [168]=Oop [144]=Oop [176]=Oop }
                      ;*invokevirtual getManifest {reexecute=0 rethrow=0 return_oop=0}
                      ; - jdk.internal.loader.BuiltinClassLoader::defineClass@29 (line 848)
  0x000001eb72b4e428: 5433 0500 | 4c8b 8424 | b000 0000 | 4c8b c848 | 8bbc 24a8 | 0000 0048 | 8b94 24a0 | 0000 0066 
  0x000001eb72b4e448: 0f1f 4400 | 0048 b878 | b707 00eb 

  0x000001eb72b4e454: ;   {virtual_call}
  0x000001eb72b4e454: 0100 00e8 

  0x000001eb72b4e458: ; ImmutableOopMap {[152]=Oop [160]=Oop [168]=Oop [144]=Oop }
                      ;*invokevirtual defineOrCheckPackage {reexecute=0 rethrow=0 return_oop=0}
                      ; - jdk.internal.loader.BuiltinClassLoader::defineClass@40 (line 849)
  0x000001eb72b4e458: c4f0 0400 | 4c8b 8c24 | 9800 0000 | 488d 9424 | e000 0000 | 4c89 4a08 | 498b 0148 | 83c8 0148 
  0x000001eb72b4e478: 8902 f049 | 0fb1 110f | 8413 0000 | 0048 2bc4 | 4881 e007 | f0ff ff48 | 8902 0f85 | b503 0000 
  0x000001eb72b4e498: 418b 510c | 4883 fa00 | 0f85 4700 | 0000 498b | d10f 1f40 | 0048 b8c0 | 5b19 00eb 

  0x000001eb72b4e4b4: ;   {virtual_call}
  0x000001eb72b4e4b4: 0100 00e8 

  0x000001eb72b4e4b8: ; ImmutableOopMap {[160]=Oop [168]=Oop [144]=Oop [152]=Oop [232]=Oop }
                      ;*invokevirtual getInputStream {reexecute=0 rethrow=0 return_oop=0}
                      ; - jdk.internal.loader.Resource::cachedInputStream@9 (line 77)
                      ; - jdk.internal.loader.Resource::getByteBuffer@1 (line 163)
                      ; - jdk.internal.loader.BuiltinClassLoader::defineClass@45 (line 853)
  0x000001eb72b4e4b8: 8454 0900 | 410f be57 | 3883 fa00 | 4c8b 8c24 | 9800 0000 | 0f85 8e03 | 0000 4c8b | d045 8951 
  0x000001eb72b4e4d8: 0c49 8bd1 | 4833 d048 | c1ea 1448 | 83fa 000f | 858f 0300 | 0041 8b51 | 0c48 8d84 | 24e0 0000 
  0x000001eb72b4e4f8: 0048 8b30 | 4885 f60f | 840f 0000 | 0048 8b78 | 08f0 480f | b137 0f85 | 8003 0000 | 4883 fa00 
  0x000001eb72b4e518: 0f84 4400 

  0x000001eb72b4e51c: ;   {metadata('sun/nio/ByteBuffered')}
  0x000001eb72b4e51c: 0000 48b8 | e0ba 0d00 | eb01 0000 | 8b5a 0849 | ba00 0000 | 00eb 0100 | 0049 03da | 483b 4320 
  0x000001eb72b4e53c: 0f84 2500 | 0000 483b | d80f 841c | 0000 0053 

  0x000001eb72b4e54c: ;   {runtime_call slow_subtype_check Runtime1 stub}
  0x000001eb72b4e54c: 50e8 ae76 | e0ff 5b5b | 83fb 000f | 8405 0000 | 00e9 0500 | 0000 4833 | f6eb 0a48 | be01 0000 
  0x000001eb72b4e56c: 0000 0000 | 0083 fe00 | 0f84 6700 | 0000 4883 | fa00 0f84 | 4400 0000 

  0x000001eb72b4e584: ;   {metadata('sun/nio/ByteBuffered')}
  0x000001eb72b4e584: 48bb e0ba | 0d00 eb01 | 0000 8b7a | 0849 ba00 | 0000 00eb | 0100 0049 | 03fa 483b | 5f20 0f84 
  0x000001eb72b4e5a4: 2000 0000 | 483b fb0f | 8417 0000 

  0x000001eb72b4e5b0: ;   {runtime_call slow_subtype_check Runtime1 stub}
  0x000001eb72b4e5b0: 0057 53e8 | 4876 e0ff | 5f5f 83ff | 000f 84e7 | 0200 00e9 | 0000 0000 | 0f1f 4400 | 0048 b8ff 
  0x000001eb72b4e5d0: ffff ffff 

  0x000001eb72b4e5d4: ;   {virtual_call}
  0x000001eb72b4e5d4: ffff ffe8 

  0x000001eb72b4e5d8: ; ImmutableOopMap {[160]=Oop [168]=Oop [144]=Oop [152]=Oop }
                      ;*invokeinterface getByteBuffer {reexecute=0 rethrow=0 return_oop=0}
                      ; - jdk.internal.loader.Resource::getByteBuffer@16 (line 165)
                      ; - jdk.internal.loader.BuiltinClassLoader::defineClass@45 (line 853)
  0x000001eb72b4e5d8: a43a d6ff | e90a 0000 

  0x000001eb72b4e5e0: ;   {oop(NULL)}
  0x000001eb72b4e5e0: 0048 b800 | 0000 0000 | 0000 0048 | 83f8 000f | 84e5 0000 | 0048 8984 | 24b8 0000 | 0048 8b94 
  0x000001eb72b4e600: 2498 0000 | 0048 b8ff | ffff ffff 

  0x000001eb72b4e60c: ;   {virtual_call}
  0x000001eb72b4e60c: ffff ffe8 

  0x000001eb72b4e610: ; ImmutableOopMap {[160]=Oop [168]=Oop [144]=Oop [184]=Oop }
                      ;*invokevirtual getCodeSigners {reexecute=0 rethrow=0 return_oop=0}
                      ; - jdk.internal.loader.BuiltinClassLoader::defineClass@56 (line 855)
  0x000001eb72b4e610: 6c3a d6ff 

  0x000001eb72b4e614: ;   {metadata('java/security/CodeSource')}
  0x000001eb72b4e614: 4c8b c848 | baa0 ee00 | 00eb 0100 | 0049 8b87 | 0801 0000 | 488d 7828 | 493b bf18 | 0100 000f 
  0x000001eb72b4e634: 877a 0200 | 0049 89bf | 0801 0000 | 48c7 0001 | 0000 0048 | 8bca 49ba | 0000 0000 | eb01 0000 
  0x000001eb72b4e654: 492b ca89 | 4808 4833 | c989 480c | 4833 c948 | 8948 1048 | 8948 1848 | 8948 204c | 8b84 24a8 
  0x000001eb72b4e674: 0000 0048 | 8bd0 4889 | 8424 c000 | 0000 0f1f 

  0x000001eb72b4e684: ;   {optimized virtual_call}
  0x000001eb72b4e684: 4400 00e8 

  0x000001eb72b4e688: ; ImmutableOopMap {[160]=Oop [144]=Oop [184]=Oop [192]=Oop }
                      ;*invokespecial <init> {reexecute=0 rethrow=0 return_oop=0}
                      ; - jdk.internal.loader.BuiltinClassLoader::defineClass@68 (line 856)
  0x000001eb72b4e688: 7434 d6ff | 4c8b 8424 | c000 0000 | 488b 9424 | a000 0000 

  0x000001eb72b4e69c: ;   {optimized virtual_call}
  0x000001eb72b4e69c: 6666 90e8 

  0x000001eb72b4e6a0: ; ImmutableOopMap {[160]=Oop [144]=Oop [184]=Oop }
                      ;*invokevirtual getProtectionDomain {reexecute=0 rethrow=0 return_oop=0}
                      ; - java.security.SecureClassLoader::defineClass@5 (line 182)
                      ; - jdk.internal.loader.BuiltinClassLoader::defineClass@79 (line 857)
  0x000001eb72b4e6a0: 5c34 d6ff | 4c8b 8424 | 9000 0000 | 4c8b 8c24 | b800 0000 | 488b f848 | 8b94 24a0 

  0x000001eb72b4e6bc: ;   {optimized virtual_call}
  0x000001eb72b4e6bc: 0000 00e8 

  0x000001eb72b4e6c0: ; ImmutableOopMap {}
                      ;*invokevirtual defineClass {reexecute=0 rethrow=0 return_oop=0}
                      ; - java.security.SecureClassLoader::defineClass@8 (line 182)
                      ; - jdk.internal.loader.BuiltinClassLoader::defineClass@79 (line 857)
  0x000001eb72b4e6c0: 3c34 d6ff | 4881 c400 | 0100 005d 

  0x000001eb72b4e6cc: ;   {poll_return}
  0x000001eb72b4e6cc: 493b a750 | 0300 000f | 87e7 0100 | 00c3 4c8b | 8c24 9800 | 0000 498b | d148 b8c0 | 5b19 00eb 
  0x000001eb72b4e6ec: ;   {virtual_call}
  0x000001eb72b4e6ec: 0100 00e8 

  0x000001eb72b4e6f0: ; ImmutableOopMap {[160]=Oop [144]=Oop [152]=Oop [168]=Oop }
                      ;*invokevirtual getBytes {reexecute=0 rethrow=0 return_oop=0}
                      ; - jdk.internal.loader.BuiltinClassLoader::defineClass@84 (line 859)
  0x000001eb72b4e6f0: ec55 0900 | 4889 8424 | c800 0000 | 488b 9424 | 9800 0000 | 9048 b8c0 | 5b19 00eb 

  0x000001eb72b4e70c: ;   {virtual_call}
  0x000001eb72b4e70c: 0100 00e8 

  0x000001eb72b4e710: ; ImmutableOopMap {[160]=Oop [144]=Oop [168]=Oop [200]=Oop }
                      ;*invokevirtual getCodeSigners {reexecute=0 rethrow=0 return_oop=0}
                      ; - jdk.internal.loader.BuiltinClassLoader::defineClass@90 (line 860)
  0x000001eb72b4e710: 2c0a 0000 

  0x000001eb72b4e714: ;   {metadata('java/security/CodeSource')}
  0x000001eb72b4e714: 4c8b c848 | baa0 ee00 | 00eb 0100 | 0049 8b87 | 0801 0000 | 488d 7828 | 493b bf18 | 0100 000f 
  0x000001eb72b4e734: 879d 0100 | 0049 89bf | 0801 0000 | 48c7 0001 | 0000 0048 | 8bca 49ba | 0000 0000 | eb01 0000 
  0x000001eb72b4e754: 492b ca89 | 4808 4833 | c989 480c | 4833 c948 | 8948 1048 | 8948 1848 | 8948 204c | 8b84 24a8 
  0x000001eb72b4e774: 0000 0048 | 8bd0 4889 | 8424 d000 | 0000 0f1f 

  0x000001eb72b4e784: ;   {optimized virtual_call}
  0x000001eb72b4e784: 4400 00e8 

  0x000001eb72b4e788: ; ImmutableOopMap {[160]=Oop [144]=Oop [200]=Oop [208]=Oop }
                      ;*invokespecial <init> {reexecute=0 rethrow=0 return_oop=0}
                      ; - jdk.internal.loader.BuiltinClassLoader::defineClass@102 (line 861)
  0x000001eb72b4e788: f4ad 0400 | 488b 8424 | c800 0000 

  0x000001eb72b4e794: ; implicit exception: dispatches to 0x000001eb72b4e8e3
  0x000001eb72b4e794: 8b70 0c4c | 8b84 24d0 | 0000 0048 | 8b94 24a0 | 0000 0089 | b424 d800 

  0x000001eb72b4e7ac: ;   {optimized virtual_call}
  0x000001eb72b4e7ac: 0000 90e8 

  0x000001eb72b4e7b0: ; ImmutableOopMap {[160]=Oop [144]=Oop [200]=Oop }
                      ;*invokevirtual getProtectionDomain {reexecute=0 rethrow=0 return_oop=0}
                      ; - java.security.SecureClassLoader::defineClass@9 (line 150)
                      ; - jdk.internal.loader.BuiltinClassLoader::defineClass@117 (line 862)
  0x000001eb72b4e7b0: ccb3 0400 | 4c8b 8424 | 9000 0000 | 4c8b 8c24 | c800 0000 | bf00 0000 | 008b b424 | d800 0000 
  0x000001eb72b4e7d0: 488b c848 | 8b94 24a0 | 0000 000f 

  0x000001eb72b4e7dc: ;   {optimized virtual_call}
  0x000001eb72b4e7dc: 1f40 00e8 

  0x000001eb72b4e7e0: ; ImmutableOopMap {}
                      ;*invokevirtual defineClass {reexecute=0 rethrow=0 return_oop=0}
                      ; - java.security.SecureClassLoader::defineClass@12 (line 150)
                      ; - jdk.internal.loader.BuiltinClassLoader::defineClass@117 (line 862)
  0x000001eb72b4e7e0: 9c26 0500 | 4881 c400 | 0100 005d 

  0x000001eb72b4e7ec: ;   {poll_return}
  0x000001eb72b4e7ec: 493b a750 | 0300 000f | 87ef 0000 | 00c3 498b | 87e0 0300 | 004d 33d2 | 4d89 97e0 | 0300 004d 
  0x000001eb72b4e80c: 33d2 4d89 | 97e8 0300 | 0048 8bf0 | 488d 8424 | e000 0000 | 488b 3848 | 85ff 0f84 | 0f00 0000 
  0x000001eb72b4e82c: 488b 5808 | f048 0fb1 | 3b0f 85c3 | 0000 0048 | 8bc6 e9f0 

  0x000001eb72b4e840: ;   {runtime_call throw_null_pointer_exception Runtime1 stub}
  0x000001eb72b4e840: 0000 00e8 

  0x000001eb72b4e844: ; ImmutableOopMap {[152]=Oop [160]=Oop rax=Oop [168]=Oop r8=Oop [144]=Oop }
                      ;*invokevirtual lastIndexOf {reexecute=0 rethrow=0 return_oop=0}
                      ; - jdk.internal.loader.BuiltinClassLoader::defineClass@8 (line 845)
  0x000001eb72b4e844: d841 e0ff 

  0x000001eb72b4e848: ;   {runtime_call throw_null_pointer_exception Runtime1 stub}
  0x000001eb72b4e848: e8d3 41e0 

  0x000001eb72b4e84c: ; ImmutableOopMap {[152]=Oop [160]=Oop rax=Oop [168]=Oop r8=Oop [144]=Oop rsi=Oop }
                      ;*arraylength {reexecute=0 rethrow=0 return_oop=0}
                      ; - java.lang.String::length@4 (line 1481)
                      ; - java.lang.String::lastIndexOf@3 (line 2451)
                      ; - jdk.internal.loader.BuiltinClassLoader::defineClass@8 (line 845)
  0x000001eb72b4e84c: ff4c 894c | 2408 4889 

  0x000001eb72b4e854: ;   {runtime_call monitorenter_nofpu Runtime1 stub}
  0x000001eb72b4e854: 1424 e825 

  0x000001eb72b4e858: ; ImmutableOopMap {[160]=Oop [168]=Oop [144]=Oop r9=Oop [152]=Oop [232]=Oop }
                      ;*synchronization entry
                      ; - jdk.internal.loader.Resource::cachedInputStream@-1 (line 76)
                      ; - jdk.internal.loader.Resource::getByteBuffer@1 (line 163)
                      ; - jdk.internal.loader.BuiltinClassLoader::defineClass@45 (line 853)
  0x000001eb72b4e858: 7ae0 ffe9 | 38fc ffff | 418b 510c | 4883 fa00 | 0f84 64fc | ffff 4889 

  0x000001eb72b4e870: ;   {runtime_call g1_pre_barrier_slow}
  0x000001eb72b4e870: 1424 e809 | abe0 ffe9 | 56fc ffff | 4883 f800 | 0f84 67fc | ffff 4c89 

  0x000001eb72b4e888: ;   {runtime_call g1_post_barrier_slow}
  0x000001eb72b4e888: 0c24 e8f1 | aee0 ffe9 | 59fc ffff | 488d 8424 | e000 0000 | 4889 0424 

  0x000001eb72b4e8a0: ;   {runtime_call monitorexit_nofpu Runtime1 stub}
  0x000001eb72b4e8a0: e85b 80e0 | ffe9 6afc | ffff 4889 

  0x000001eb72b4e8ac: ;   {runtime_call throw_class_cast_exception Runtime1 stub}
  0x000001eb72b4e8ac: 1424 e86d 

  0x000001eb72b4e8b0: ; ImmutableOopMap {[160]=Oop [168]=Oop [144]=Oop [152]=Oop }
                      ;*checkcast {reexecute=0 rethrow=0 return_oop=0}
                      ; - jdk.internal.loader.Resource::getByteBuffer@13 (line 165)
                      ; - jdk.internal.loader.BuiltinClassLoader::defineClass@45 (line 853)
  0x000001eb72b4e8b0: 6de0 ff48 

  0x000001eb72b4e8b4: ;   {runtime_call fast_new_instance Runtime1 stub}
  0x000001eb72b4e8b4: 8bd2 e845 

  0x000001eb72b4e8b8: ; ImmutableOopMap {[160]=Oop [168]=Oop [144]=Oop [184]=Oop r9=Oop }
                      ;*new {reexecute=0 rethrow=0 return_oop=0}
                      ; - jdk.internal.loader.BuiltinClassLoader::defineClass@61 (line 856)
  0x000001eb72b4e8b8: 4ce0 ffe9 | affd ffff 

  0x000001eb72b4e8c0: ;   {internal_word}
  0x000001eb72b4e8c0: 49ba cce6 | b472 eb01 | 0000 4d89 | 9768 0300 

  0x000001eb72b4e8d0: ;   {runtime_call SafepointBlob}
  0x000001eb72b4e8d0: 00e9 aaa6 | d6ff 488b 

  0x000001eb72b4e8d8: ;   {runtime_call fast_new_instance Runtime1 stub}
  0x000001eb72b4e8d8: d2e8 224c 

  0x000001eb72b4e8dc: ; ImmutableOopMap {[160]=Oop [144]=Oop [168]=Oop [200]=Oop r9=Oop }
                      ;*new {reexecute=0 rethrow=0 return_oop=0}
                      ; - jdk.internal.loader.BuiltinClassLoader::defineClass@95 (line 861)
  0x000001eb72b4e8dc: e0ff e98c 

  0x000001eb72b4e8e0: ;   {runtime_call throw_null_pointer_exception Runtime1 stub}
  0x000001eb72b4e8e0: feff ffe8 

  0x000001eb72b4e8e4: ; ImmutableOopMap {[160]=Oop [144]=Oop [208]=Oop rax=Oop [200]=Oop }
                      ;*arraylength {reexecute=0 rethrow=0 return_oop=0}
                      ; - jdk.internal.loader.BuiltinClassLoader::defineClass@114 (line 862)
  0x000001eb72b4e8e4: 3841 e0ff 

  0x000001eb72b4e8e8: ;   {internal_word}
  0x000001eb72b4e8e8: 49ba ece7 | b472 eb01 | 0000 4d89 | 9768 0300 

  0x000001eb72b4e8f8: ;   {runtime_call SafepointBlob}
  0x000001eb72b4e8f8: 00e9 82a6 | d6ff 488d | 8424 e000 | 0000 4889 

  0x000001eb72b4e908: ;   {runtime_call monitorexit_nofpu Runtime1 stub}
  0x000001eb72b4e908: 0424 e8f1 | 7fe0 ffe9 | 27ff ffff | 9090 498b | 87e0 0300 | 0049 c787 | e003 0000 | 0000 0000 
  0x000001eb72b4e928: 49c7 87e8 | 0300 0000 | 0000 0048 | 81c4 0001 

  0x000001eb72b4e938: ;   {runtime_call unwind_exception Runtime1 stub}
  0x000001eb72b4e938: 0000 5de9 | c031 e0ff 
[Stub Code]
  0x000001eb72b4e940: ;   {no_reloc}
  0x000001eb72b4e940: 0f1f 4400 

  0x000001eb72b4e944: ;   {static_stub}
  0x000001eb72b4e944: 0048 bb00 | 0000 0000 

  0x000001eb72b4e94c: ;   {runtime_call}
  0x000001eb72b4e94c: 0000 00e9 | fbff ffff 

  0x000001eb72b4e954: ;   {static_stub}
  0x000001eb72b4e954: 9048 bb00 | 0000 0000 

  0x000001eb72b4e95c: ;   {runtime_call}
  0x000001eb72b4e95c: 0000 00e9 | fbff ffff 

  0x000001eb72b4e964: ;   {static_stub}
  0x000001eb72b4e964: 9048 bb00 | 0000 0000 

  0x000001eb72b4e96c: ;   {runtime_call}
  0x000001eb72b4e96c: 0000 00e9 | fbff ffff 

  0x000001eb72b4e974: ;   {static_stub}
  0x000001eb72b4e974: 9048 bb00 | 0000 0000 

  0x000001eb72b4e97c: ;   {runtime_call}
  0x000001eb72b4e97c: 0000 00e9 | fbff ffff 

  0x000001eb72b4e984: ;   {static_stub}
  0x000001eb72b4e984: 9048 bb00 | 0000 0000 

  0x000001eb72b4e98c: ;   {runtime_call}
  0x000001eb72b4e98c: 0000 00e9 | fbff ffff 

  0x000001eb72b4e994: ;   {static_stub}
  0x000001eb72b4e994: 9048 bb00 | 0000 0000 

  0x000001eb72b4e99c: ;   {runtime_call}
  0x000001eb72b4e99c: 0000 00e9 | fbff ffff 

  0x000001eb72b4e9a4: ;   {static_stub}
  0x000001eb72b4e9a4: 9048 bb00 | 0000 0000 

  0x000001eb72b4e9ac: ;   {runtime_call}
  0x000001eb72b4e9ac: 0000 00e9 | fbff ffff 

  0x000001eb72b4e9b4: ;   {static_stub}
  0x000001eb72b4e9b4: 9048 bb00 | 0000 0000 

  0x000001eb72b4e9bc: ;   {runtime_call}
  0x000001eb72b4e9bc: 0000 00e9 | fbff ffff 

  0x000001eb72b4e9c4: ;   {static_stub}
  0x000001eb72b4e9c4: 9048 bb00 | 0000 0000 

  0x000001eb72b4e9cc: ;   {runtime_call}
  0x000001eb72b4e9cc: 0000 00e9 | fbff ffff 

  0x000001eb72b4e9d4: ;   {static_stub}
  0x000001eb72b4e9d4: 9048 bb00 | 0000 0000 

  0x000001eb72b4e9dc: ;   {runtime_call}
  0x000001eb72b4e9dc: 0000 00e9 | fbff ffff 

  0x000001eb72b4e9e4: ;   {static_stub}
  0x000001eb72b4e9e4: 9048 bb00 | 0000 0000 

  0x000001eb72b4e9ec: ;   {runtime_call}
  0x000001eb72b4e9ec: 0000 00e9 | fbff ffff 

  0x000001eb72b4e9f4: ;   {static_stub}
  0x000001eb72b4e9f4: 9048 bb00 | 0000 0000 

  0x000001eb72b4e9fc: ;   {runtime_call}
  0x000001eb72b4e9fc: 0000 00e9 | fbff ffff 

  0x000001eb72b4ea04: ;   {static_stub}
  0x000001eb72b4ea04: 9048 bb00 | 0000 0000 

  0x000001eb72b4ea0c: ;   {runtime_call}
  0x000001eb72b4ea0c: 0000 00e9 | fbff ffff 

  0x000001eb72b4ea14: ;   {static_stub}
  0x000001eb72b4ea14: 9048 bb00 | 0000 0000 

  0x000001eb72b4ea1c: ;   {runtime_call}
  0x000001eb72b4ea1c: 0000 00e9 | fbff ffff 

  0x000001eb72b4ea24: ;   {static_stub}
  0x000001eb72b4ea24: 9048 bbf0 | 2e42 00eb 

  0x000001eb72b4ea2c: ;   {runtime_call I2C/C2I adapters}
  0x000001eb72b4ea2c: 0100 00e9 | 2db4 d6ff 

  0x000001eb72b4ea34: ;   {static_stub}
  0x000001eb72b4ea34: 9048 bbb0 | 5043 00eb 

  0x000001eb72b4ea3c: ;   {runtime_call I2C/C2I adapters}
  0x000001eb72b4ea3c: 0100 00e9 | 198b d6ff 

  0x000001eb72b4ea44: ;   {static_stub}
  0x000001eb72b4ea44: 9048 bba8 | 0c01 00eb 

  0x000001eb72b4ea4c: ;   {runtime_call I2C/C2I adapters}
  0x000001eb72b4ea4c: 0100 00e9 | 9798 d5ff 
[Exception Handler]
  0x000001eb72b4ea54: ;   {runtime_call handle_exception_from_callee Runtime1 stub}
  0x000001eb72b4ea54: e8a7 65e0 

  0x000001eb72b4ea58: ;   {external_word}
  0x000001eb72b4ea58: ff48 b950 | ba6f 99f8 | 7f00 0048 

  0x000001eb72b4ea64: ;   {runtime_call}
  0x000001eb72b4ea64: 83e4 f049 | ba00 3438 | 99f8 7f00 | 0041 ffd2 

  0x000001eb72b4ea74: ;   {section_word}
  0x000001eb72b4ea74: f449 ba75 | eab4 72eb | 0100 0041 

  0x000001eb72b4ea80: ;   {runtime_call DeoptimizationBlob}
  0x000001eb72b4ea80: 52e9 9ab9 | d6ff f4f4 
[/MachCode]


---------------  P R O C E S S  ---------------

Threads class SMR info:
_java_thread_list=0x000001eb418d80e0, length=25, elements={
0x000001eb6acd8b70, 0x000001eb6ad74660, 0x000001eb6ad75130, 0x000001eb784b87d0,
0x000001eb784b90a0, 0x000001eb784b9970, 0x000001eb784bc250, 0x000001eb784bcbd0,
0x000001eb784bd4e0, 0x000001eb6ad595e0, 0x000001eb7d47e4f0, 0x000001eb7d47e9d0,
0x000001eb7d5db4b0, 0x000001eb7d685a20, 0x000001eb7d6a4040, 0x000001eb7da98850,
0x000001eb7db01cd0, 0x000001eb7e08d9a0, 0x000001eb7e08b120, 0x000001eb7e08c560,
0x000001eb7e08ca70, 0x000001eb7e08b630, 0x000001eb7e08ac10, 0x000001eb7e08c050,
0x000001eb7e08cf80
}

Java Threads: ( => current thread )
  0x000001eb6acd8b70 JavaThread "main" [_thread_blocked, id=22560, stack(0x00000051ede00000,0x00000051edf00000)]
  0x000001eb6ad74660 JavaThread "Reference Handler" daemon [_thread_blocked, id=22692, stack(0x00000051ee600000,0x00000051ee700000)]
  0x000001eb6ad75130 JavaThread "Finalizer" daemon [_thread_blocked, id=15056, stack(0x00000051ee700000,0x00000051ee800000)]
  0x000001eb784b87d0 JavaThread "Signal Dispatcher" daemon [_thread_blocked, id=19684, stack(0x00000051ee800000,0x00000051ee900000)]
  0x000001eb784b90a0 JavaThread "Attach Listener" daemon [_thread_blocked, id=7080, stack(0x00000051ee900000,0x00000051eea00000)]
  0x000001eb784b9970 JavaThread "Service Thread" daemon [_thread_blocked, id=13636, stack(0x00000051eea00000,0x00000051eeb00000)]
  0x000001eb784bc250 JavaThread "Monitor Deflation Thread" daemon [_thread_blocked, id=4232, stack(0x00000051eeb00000,0x00000051eec00000)]
  0x000001eb784bcbd0 JavaThread "C1 CompilerThread0" daemon [_thread_blocked, id=13816, stack(0x00000051eec00000,0x00000051eed00000)]
  0x000001eb784bd4e0 JavaThread "Sweeper thread" daemon [_thread_blocked, id=20748, stack(0x00000051eed00000,0x00000051eee00000)]
  0x000001eb6ad595e0 JavaThread "Common-Cleaner" daemon [_thread_blocked, id=15484, stack(0x00000051eee00000,0x00000051eef00000)]
  0x000001eb7d47e4f0 JavaThread "Monitor Ctrl-Break" daemon [_thread_in_native, id=15260, stack(0x00000051eef00000,0x00000051ef000000)]
  0x000001eb7d47e9d0 JavaThread "Notification Thread" daemon [_thread_blocked, id=18276, stack(0x00000051ef000000,0x00000051ef100000)]
  0x000001eb7d5db4b0 JavaThread "RMI TCP Accept-0" daemon [_thread_in_native, id=8980, stack(0x00000051ef400000,0x00000051ef500000)]
  0x000001eb7d685a20 JavaThread "RMI TCP Connection(2)-192.168.1.166" daemon [_thread_in_native, id=9348, stack(0x00000051ef600000,0x00000051ef700000)]
  0x000001eb7d6a4040 JavaThread "RMI Scheduler(0)" daemon [_thread_blocked, id=22236, stack(0x00000051ef700000,0x00000051ef800000)]
  0x000001eb7da98850 JavaThread "Thread-0" [_thread_blocked, id=9236, stack(0x00000051ef800000,0x00000051ef900000)]
=>0x000001eb7db01cd0 JavaThread "restartedMain" [_thread_in_vm, id=2724, stack(0x00000051ef900000,0x00000051efa00000)]
  0x000001eb7e08d9a0 JavaThread "Keep-Alive-Timer" daemon [_thread_blocked, id=23592, stack(0x00000051efb00000,0x00000051efc00000)]
  0x000001eb7e08b120 JavaThread "RMI TCP Connection(3)-192.168.1.166" daemon [_thread_in_native, id=24084, stack(0x00000051efc00000,0x00000051efd00000)]
  0x000001eb7e08c560 JavaThread "Catalina-utility-1" [_thread_blocked, id=4036, stack(0x00000051efd00000,0x00000051efe00000)]
  0x000001eb7e08ca70 JavaThread "Catalina-utility-2" [_thread_blocked, id=3972, stack(0x00000051efe00000,0x00000051eff00000)]
  0x000001eb7e08b630 JavaThread "container-0" [_thread_blocked, id=18976, stack(0x00000051eff00000,0x00000051f0000000)]
  0x000001eb7e08ac10 JavaThread "mysql-cj-abandoned-connection-cleanup" daemon [_thread_blocked, id=16632, stack(0x00000051f0000000,0x00000051f0100000)]
  0x000001eb7e08c050 JavaThread "HikariPool-1:housekeeper" daemon [_thread_blocked, id=17900, stack(0x00000051f0100000,0x00000051f0200000)]
  0x000001eb7e08cf80 JavaThread "HikariPool-1:connection-adder" daemon [_thread_blocked, id=12100, stack(0x00000051f0200000,0x00000051f0300000)]

Other Threads:
  0x000001eb6ad6ee70 VMThread "VM Thread" [stack: 0x00000051ee500000,0x00000051ee600000] [id=10280]
  0x000001eb6acd97e0 WatcherThread [stack: 0x00000051ef500000,0x00000051ef600000] [id=24676]
  0x000001eb6acffa40 GCTaskThread "GC Thread#0" [stack: 0x00000051ee000000,0x00000051ee100000] [id=21528]
  0x000001eb7d4c9aa0 GCTaskThread "GC Thread#1" [stack: 0x00000051ef100000,0x00000051ef200000] [id=13008]
  0x000001eb7d507d50 GCTaskThread "GC Thread#2" [stack: 0x00000051ef200000,0x00000051ef300000] [id=6668]
  0x000001eb7d508020 GCTaskThread "GC Thread#3" [stack: 0x00000051ef300000,0x00000051ef400000] [id=14816]
  0x000001eb6ad028b0 ConcurrentGCThread "G1 Main Marker" [stack: 0x00000051ee100000,0x00000051ee200000] [id=9652]
  0x000001eb6ad031e0 ConcurrentGCThread "G1 Conc#0" [stack: 0x00000051ee200000,0x00000051ee300000] [id=18896]
  0x000001eb6ad4e3a0 ConcurrentGCThread "G1 Refine#0" [stack: 0x00000051ee300000,0x00000051ee400000] [id=19788]
  0x000001eb6ad4ecf0 ConcurrentGCThread "G1 Service" [stack: 0x00000051ee400000,0x00000051ee500000] [id=10472]

Threads with active compile tasks:

VM state: not at safepoint (normal execution)

VM Mutex/Monitor currently owned by a thread:  ([mutex/lock_event])
[0x000001eb6acd3530] Metaspace_lock - owner thread: 0x000001eb7db01cd0

Heap address: 0x00000000f0000000, size: 256 MB, Compressed Oops mode: 32-bit

CDS archive(s) mapped at: [0x000001eb00000000-0x000001eb00bb0000-0x000001eb00bb0000), size 12255232, SharedBaseAddress: 0x000001eb00000000, ArchiveRelocationMode: 1.
Compressed class space mapped at: 0x000001eb01000000-0x000001eb41000000, reserved size: 1073741824
Narrow klass base: 0x000001eb00000000, Narrow klass shift: 0, Narrow klass range: 0x100000000

GC Precious Log:
 CPUs: 4 total, 4 available
 Memory: 7991M
 Large Page Support: Disabled
 NUMA Support: Disabled
 Compressed Oops: Enabled (32-bit)
 Heap Region Size: 1M
 Heap Min Capacity: 64M
 Heap Initial Capacity: 64M
 Heap Max Capacity: 256M
 Pre-touch: Disabled
 Parallel Workers: 4
 Concurrent Workers: 1
 Concurrent Refinement Workers: 4
 Periodic GC: Disabled

Heap:
 garbage-first heap   total 99328K, used 64729K [0x00000000f0000000, 0x0000000100000000)
  region size 1024K, 10 young (10240K), 2 survivors (2048K)
 Metaspace       used 90633K, committed 91328K, reserved 1179648K
  class space    used 13168K, committed 13504K, reserved 1048576K

Heap Regions: E=young(eden), S=young(survivor), O=old, HS=humongous(starts), HC=humongous(continues), CS=collection set, F=free, OA=open archive, CA=closed archive, TAMS=top-at-mark-start (previous, next)
|   0|0x00000000f0000000, 0x00000000f0100000, 0x00000000f0100000|100%|HS|  |TAMS 0x00000000f0100000, 0x00000000f0000000| Complete 
|   1|0x00000000f0100000, 0x00000000f0200000, 0x00000000f0200000|100%|HS|  |TAMS 0x00000000f0200000, 0x00000000f0100000| Complete 
|   2|0x00000000f0200000, 0x00000000f0300000, 0x00000000f0300000|100%|HS|  |TAMS 0x00000000f0300000, 0x00000000f0200000| Complete 
|   3|0x00000000f0300000, 0x00000000f0400000, 0x00000000f0400000|100%| O|  |TAMS 0x00000000f0400000, 0x00000000f0300000| Untracked 
|   4|0x00000000f0400000, 0x00000000f0500000, 0x00000000f0500000|100%| O|  |TAMS 0x00000000f0500000, 0x00000000f0400000| Untracked 
|   5|0x00000000f0500000, 0x00000000f0600000, 0x00000000f0600000|100%| O|  |TAMS 0x00000000f0600000, 0x00000000f0500000| Untracked 
|   6|0x00000000f0600000, 0x00000000f0700000, 0x00000000f0700000|100%| O|  |TAMS 0x00000000f0700000, 0x00000000f0600000| Untracked 
|   7|0x00000000f0700000, 0x00000000f0800000, 0x00000000f0800000|100%| O|  |TAMS 0x00000000f0800000, 0x00000000f0700000| Untracked 
|   8|0x00000000f0800000, 0x00000000f0900000, 0x00000000f0900000|100%| O|  |TAMS 0x00000000f0900000, 0x00000000f0800000| Untracked 
|   9|0x00000000f0900000, 0x00000000f0a00000, 0x00000000f0a00000|100%| O|  |TAMS 0x00000000f0a00000, 0x00000000f0900000| Untracked 
|  10|0x00000000f0a00000, 0x00000000f0b00000, 0x00000000f0b00000|100%| O|  |TAMS 0x00000000f0b00000, 0x00000000f0a00000| Untracked 
|  11|0x00000000f0b00000, 0x00000000f0c00000, 0x00000000f0c00000|100%| O|  |TAMS 0x00000000f0c00000, 0x00000000f0b00000| Untracked 
|  12|0x00000000f0c00000, 0x00000000f0d00000, 0x00000000f0d00000|100%| O|  |TAMS 0x00000000f0d00000, 0x00000000f0c00000| Untracked 
|  13|0x00000000f0d00000, 0x00000000f0e00000, 0x00000000f0e00000|100%| O|  |TAMS 0x00000000f0e00000, 0x00000000f0d00000| Untracked 
|  14|0x00000000f0e00000, 0x00000000f0f00000, 0x00000000f0f00000|100%| O|  |TAMS 0x00000000f0f00000, 0x00000000f0e00000| Untracked 
|  15|0x00000000f0f00000, 0x00000000f1000000, 0x00000000f1000000|100%| O|  |TAMS 0x00000000f1000000, 0x00000000f0f00000| Untracked 
|  16|0x00000000f1000000, 0x00000000f1100000, 0x00000000f1100000|100%| O|  |TAMS 0x00000000f1100000, 0x00000000f1000000| Untracked 
|  17|0x00000000f1100000, 0x00000000f1200000, 0x00000000f1200000|100%| O|  |TAMS 0x00000000f1200000, 0x00000000f1100000| Untracked 
|  18|0x00000000f1200000, 0x00000000f1300000, 0x00000000f1300000|100%| O|  |TAMS 0x00000000f1300000, 0x00000000f1200000| Untracked 
|  19|0x00000000f1300000, 0x00000000f1400000, 0x00000000f1400000|100%| O|  |TAMS 0x00000000f1400000, 0x00000000f1300000| Untracked 
|  20|0x00000000f1400000, 0x00000000f1500000, 0x00000000f1500000|100%| O|  |TAMS 0x00000000f1500000, 0x00000000f1400000| Untracked 
|  21|0x00000000f1500000, 0x00000000f1600000, 0x00000000f1600000|100%| O|  |TAMS 0x00000000f1600000, 0x00000000f1500000| Untracked 
|  22|0x00000000f1600000, 0x00000000f1700000, 0x00000000f1700000|100%| O|  |TAMS 0x00000000f1700000, 0x00000000f1600000| Untracked 
|  23|0x00000000f1700000, 0x00000000f1800000, 0x00000000f1800000|100%| O|  |TAMS 0x00000000f1800000, 0x00000000f1700000| Untracked 
|  24|0x00000000f1800000, 0x00000000f1900000, 0x00000000f1900000|100%| O|  |TAMS 0x00000000f1900000, 0x00000000f1800000| Untracked 
|  25|0x00000000f1900000, 0x00000000f1a00000, 0x00000000f1a00000|100%| O|  |TAMS 0x00000000f1a00000, 0x00000000f1900000| Untracked 
|  26|0x00000000f1a00000, 0x00000000f1b00000, 0x00000000f1b00000|100%| O|  |TAMS 0x00000000f1b00000, 0x00000000f1a00000| Untracked 
|  27|0x00000000f1b00000, 0x00000000f1c00000, 0x00000000f1c00000|100%| O|  |TAMS 0x00000000f1c00000, 0x00000000f1b00000| Untracked 
|  28|0x00000000f1c00000, 0x00000000f1d00000, 0x00000000f1d00000|100%| O|  |TAMS 0x00000000f1d00000, 0x00000000f1c00000| Untracked 
|  29|0x00000000f1d00000, 0x00000000f1e00000, 0x00000000f1e00000|100%| O|  |TAMS 0x00000000f1e00000, 0x00000000f1d00000| Untracked 
|  30|0x00000000f1e00000, 0x00000000f1f00000, 0x00000000f1f00000|100%| O|  |TAMS 0x00000000f1f00000, 0x00000000f1e00000| Untracked 
|  31|0x00000000f1f00000, 0x00000000f2000000, 0x00000000f2000000|100%| O|  |TAMS 0x00000000f2000000, 0x00000000f1f00000| Untracked 
|  32|0x00000000f2000000, 0x00000000f2100000, 0x00000000f2100000|100%| O|  |TAMS 0x00000000f2100000, 0x00000000f2000000| Untracked 
|  33|0x00000000f2100000, 0x00000000f2200000, 0x00000000f2200000|100%| O|  |TAMS 0x00000000f2200000, 0x00000000f2100000| Untracked 
|  34|0x00000000f2200000, 0x00000000f2300000, 0x00000000f2300000|100%| O|  |TAMS 0x00000000f2300000, 0x00000000f2200000| Untracked 
|  35|0x00000000f2300000, 0x00000000f2400000, 0x00000000f2400000|100%| O|  |TAMS 0x00000000f2400000, 0x00000000f2300000| Untracked 
|  36|0x00000000f2400000, 0x00000000f2500000, 0x00000000f2500000|100%| O|  |TAMS 0x00000000f2400000, 0x00000000f2400000| Untracked 
|  37|0x00000000f2500000, 0x00000000f2600000, 0x00000000f2600000|100%| O|  |TAMS 0x00000000f2600000, 0x00000000f2500000| Untracked 
|  38|0x00000000f2600000, 0x00000000f2700000, 0x00000000f2700000|100%| O|  |TAMS 0x00000000f2700000, 0x00000000f2600000| Untracked 
|  39|0x00000000f2700000, 0x00000000f2700000, 0x00000000f2800000|  0%| F|  |TAMS 0x00000000f2700000, 0x00000000f2700000| Untracked 
|  40|0x00000000f2800000, 0x00000000f2900000, 0x00000000f2900000|100%| O|  |TAMS 0x00000000f2900000, 0x00000000f2800000| Untracked 
|  41|0x00000000f2900000, 0x00000000f2a00000, 0x00000000f2a00000|100%| O|  |TAMS 0x00000000f2a00000, 0x00000000f2900000| Untracked 
|  42|0x00000000f2a00000, 0x00000000f2b00000, 0x00000000f2b00000|100%| O|  |TAMS 0x00000000f2b00000, 0x00000000f2a00000| Untracked 
|  43|0x00000000f2b00000, 0x00000000f2c00000, 0x00000000f2c00000|100%| O|  |TAMS 0x00000000f2c00000, 0x00000000f2b00000| Untracked 
|  44|0x00000000f2c00000, 0x00000000f2d00000, 0x00000000f2d00000|100%| O|  |TAMS 0x00000000f2d00000, 0x00000000f2c00000| Untracked 
|  45|0x00000000f2d00000, 0x00000000f2e00000, 0x00000000f2e00000|100%| O|  |TAMS 0x00000000f2e00000, 0x00000000f2d00000| Untracked 
|  46|0x00000000f2e00000, 0x00000000f2f00000, 0x00000000f2f00000|100%| O|  |TAMS 0x00000000f2f00000, 0x00000000f2e00000| Untracked 
|  47|0x00000000f2f00000, 0x00000000f3000000, 0x00000000f3000000|100%| O|  |TAMS 0x00000000f3000000, 0x00000000f2f00000| Untracked 
|  48|0x00000000f3000000, 0x00000000f3100000, 0x00000000f3100000|100%| O|  |TAMS 0x00000000f3100000, 0x00000000f3000000| Untracked 
|  49|0x00000000f3100000, 0x00000000f3200000, 0x00000000f3200000|100%| O|  |TAMS 0x00000000f311ba00, 0x00000000f3100000| Untracked 
|  50|0x00000000f3200000, 0x00000000f3300000, 0x00000000f3300000|100%| O|  |TAMS 0x00000000f3200000, 0x00000000f3200000| Untracked 
|  51|0x00000000f3300000, 0x00000000f3400000, 0x00000000f3400000|100%| O|  |TAMS 0x00000000f3300000, 0x00000000f3300000| Untracked 
|  52|0x00000000f3400000, 0x00000000f3500000, 0x00000000f3500000|100%| O|  |TAMS 0x00000000f3400000, 0x00000000f3400000| Untracked 
|  53|0x00000000f3500000, 0x00000000f3600000, 0x00000000f3600000|100%| O|  |TAMS 0x00000000f3500000, 0x00000000f3500000| Untracked 
|  54|0x00000000f3600000, 0x00000000f3700000, 0x00000000f3700000|100%| O|  |TAMS 0x00000000f3600000, 0x00000000f3600000| Untracked 
|  55|0x00000000f3700000, 0x00000000f3784200, 0x00000000f3800000| 51%| O|  |TAMS 0x00000000f3700000, 0x00000000f3700000| Untracked 
|  56|0x00000000f3800000, 0x00000000f3800000, 0x00000000f3900000|  0%| F|  |TAMS 0x00000000f3800000, 0x00000000f3800000| Untracked 
|  57|0x00000000f3900000, 0x00000000f3900000, 0x00000000f3a00000|  0%| F|  |TAMS 0x00000000f3900000, 0x00000000f3900000| Untracked 
|  58|0x00000000f3a00000, 0x00000000f3a00000, 0x00000000f3b00000|  0%| F|  |TAMS 0x00000000f3a00000, 0x00000000f3a00000| Untracked 
|  59|0x00000000f3b00000, 0x00000000f3b00000, 0x00000000f3c00000|  0%| F|  |TAMS 0x00000000f3b00000, 0x00000000f3b00000| Untracked 
|  60|0x00000000f3c00000, 0x00000000f3c00000, 0x00000000f3d00000|  0%| F|  |TAMS 0x00000000f3c00000, 0x00000000f3c00000| Untracked 
|  61|0x00000000f3d00000, 0x00000000f3d00000, 0x00000000f3e00000|  0%| F|  |TAMS 0x00000000f3d00000, 0x00000000f3d00000| Untracked 
|  62|0x00000000f3e00000, 0x00000000f3e00000, 0x00000000f3f00000|  0%| F|  |TAMS 0x00000000f3e00000, 0x00000000f3e00000| Untracked 
|  63|0x00000000f3f00000, 0x00000000f3f00000, 0x00000000f4000000|  0%| F|  |TAMS 0x00000000f3f00000, 0x00000000f3f00000| Untracked 
|  64|0x00000000f4000000, 0x00000000f4000000, 0x00000000f4100000|  0%| F|  |TAMS 0x00000000f4000000, 0x00000000f4000000| Untracked 
|  65|0x00000000f4100000, 0x00000000f4100000, 0x00000000f4200000|  0%| F|  |TAMS 0x00000000f4100000, 0x00000000f4100000| Untracked 
|  66|0x00000000f4200000, 0x00000000f4200000, 0x00000000f4300000|  0%| F|  |TAMS 0x00000000f4200000, 0x00000000f4200000| Untracked 
|  67|0x00000000f4300000, 0x00000000f4300000, 0x00000000f4400000|  0%| F|  |TAMS 0x00000000f4300000, 0x00000000f4300000| Untracked 
|  68|0x00000000f4400000, 0x00000000f4400000, 0x00000000f4500000|  0%| F|  |TAMS 0x00000000f4400000, 0x00000000f4400000| Untracked 
|  69|0x00000000f4500000, 0x00000000f45b2230, 0x00000000f4600000| 69%| S|CS|TAMS 0x00000000f4500000, 0x00000000f4500000| Complete 
|  70|0x00000000f4600000, 0x00000000f4700000, 0x00000000f4700000|100%| S|CS|TAMS 0x00000000f4600000, 0x00000000f4600000| Complete 
|  71|0x00000000f4700000, 0x00000000f4700000, 0x00000000f4800000|  0%| F|  |TAMS 0x00000000f4700000, 0x00000000f4700000| Untracked 
|  72|0x00000000f4800000, 0x00000000f4800000, 0x00000000f4900000|  0%| F|  |TAMS 0x00000000f4800000, 0x00000000f4800000| Untracked 
|  73|0x00000000f4900000, 0x00000000f4900000, 0x00000000f4a00000|  0%| F|  |TAMS 0x00000000f4900000, 0x00000000f4900000| Untracked 
|  74|0x00000000f4a00000, 0x00000000f4a00000, 0x00000000f4b00000|  0%| F|  |TAMS 0x00000000f4a00000, 0x00000000f4a00000| Untracked 
|  75|0x00000000f4b00000, 0x00000000f4b00000, 0x00000000f4c00000|  0%| F|  |TAMS 0x00000000f4b00000, 0x00000000f4b00000| Untracked 
|  76|0x00000000f4c00000, 0x00000000f4c00000, 0x00000000f4d00000|  0%| F|  |TAMS 0x00000000f4c00000, 0x00000000f4c00000| Untracked 
|  77|0x00000000f4d00000, 0x00000000f4d00000, 0x00000000f4e00000|  0%| F|  |TAMS 0x00000000f4d00000, 0x00000000f4d00000| Untracked 
|  78|0x00000000f4e00000, 0x00000000f4e00000, 0x00000000f4f00000|  0%| F|  |TAMS 0x00000000f4e00000, 0x00000000f4e00000| Untracked 
|  79|0x00000000f4f00000, 0x00000000f4f00000, 0x00000000f5000000|  0%| F|  |TAMS 0x00000000f4f00000, 0x00000000f4f00000| Untracked 
|  80|0x00000000f5000000, 0x00000000f5000000, 0x00000000f5100000|  0%| F|  |TAMS 0x00000000f5000000, 0x00000000f5000000| Untracked 
|  81|0x00000000f5100000, 0x00000000f5100000, 0x00000000f5200000|  0%| F|  |TAMS 0x00000000f5100000, 0x00000000f5100000| Untracked 
|  82|0x00000000f5200000, 0x00000000f5200000, 0x00000000f5300000|  0%| F|  |TAMS 0x00000000f5200000, 0x00000000f5200000| Untracked 
|  83|0x00000000f5300000, 0x00000000f5300000, 0x00000000f5400000|  0%| F|  |TAMS 0x00000000f5300000, 0x00000000f5300000| Untracked 
|  84|0x00000000f5400000, 0x00000000f5400000, 0x00000000f5500000|  0%| F|  |TAMS 0x00000000f5400000, 0x00000000f5400000| Untracked 
|  85|0x00000000f5500000, 0x00000000f5500000, 0x00000000f5600000|  0%| F|  |TAMS 0x00000000f5500000, 0x00000000f5500000| Untracked 
|  86|0x00000000f5600000, 0x00000000f5600000, 0x00000000f5700000|  0%| F|  |TAMS 0x00000000f5600000, 0x00000000f5600000| Untracked 
|  87|0x00000000f5700000, 0x00000000f5700000, 0x00000000f5800000|  0%| F|  |TAMS 0x00000000f5700000, 0x00000000f5700000| Untracked 
|  88|0x00000000f5800000, 0x00000000f5800000, 0x00000000f5900000|  0%| F|  |TAMS 0x00000000f5800000, 0x00000000f5800000| Untracked 
|  89|0x00000000f5900000, 0x00000000f5973000, 0x00000000f5a00000| 44%| E|  |TAMS 0x00000000f5900000, 0x00000000f5900000| Complete 
|  90|0x00000000f5a00000, 0x00000000f5b00000, 0x00000000f5b00000|100%| E|CS|TAMS 0x00000000f5a00000, 0x00000000f5a00000| Complete 
|  91|0x00000000f5b00000, 0x00000000f5c00000, 0x00000000f5c00000|100%| E|CS|TAMS 0x00000000f5b00000, 0x00000000f5b00000| Complete 
|  92|0x00000000f5c00000, 0x00000000f5d00000, 0x00000000f5d00000|100%| E|CS|TAMS 0x00000000f5c00000, 0x00000000f5c00000| Complete 
|  93|0x00000000f5d00000, 0x00000000f5e00000, 0x00000000f5e00000|100%| E|CS|TAMS 0x00000000f5d00000, 0x00000000f5d00000| Complete 
|  94|0x00000000f5e00000, 0x00000000f5f00000, 0x00000000f5f00000|100%| E|CS|TAMS 0x00000000f5e00000, 0x00000000f5e00000| Complete 
|  95|0x00000000f5f00000, 0x00000000f6000000, 0x00000000f6000000|100%| E|CS|TAMS 0x00000000f5f00000, 0x00000000f5f00000| Complete 
|  96|0x00000000f6000000, 0x00000000f6100000, 0x00000000f6100000|100%| E|CS|TAMS 0x00000000f6000000, 0x00000000f6000000| Complete 

Card table byte_map: [0x000001eb6a9a0000,0x000001eb6aa20000] _byte_map_base: 0x000001eb6a220000

Marking Bits (Prev, Next): (CMBitMap*) 0x000001eb6acfff80, (CMBitMap*) 0x000001eb6acfffc0
 Prev Bits: [0x000001eb75860000, 0x000001eb75c60000)
 Next Bits: [0x000001eb75c60000, 0x000001eb76060000)

Polling page: 0x000001eb68b70000

Metaspace:

Usage:
  Non-class:     75.65 MB used.
      Class:     12.86 MB used.
       Both:     88.51 MB used.

Virtual space:
  Non-class space:      128.00 MB reserved,      76.00 MB ( 59%) committed,  2 nodes.
      Class space:        1.00 GB reserved,      13.19 MB (  1%) committed,  1 nodes.
             Both:        1.12 GB reserved,      89.19 MB (  8%) committed. 

Chunk freelists:
   Non-Class:  3.48 MB
       Class:  2.85 MB
        Both:  6.33 MB

MaxMetaspaceSize: unlimited
CompressedClassSpaceSize: 1.00 GB
Initial GC threshold: 21.00 MB
Current GC threshold: 124.62 MB
CDS: on
MetaspaceReclaimPolicy: balanced
 - commit_granule_bytes: 65536.
 - commit_granule_words: 8192.
 - virtual_space_node_default_size: 8388608.
 - enlarge_chunks_in_place: 1.
 - new_chunks_are_fully_committed: 0.
 - uncommit_free_chunks: 1.
 - use_allocation_guard: 0.
 - handle_deallocations: 1.


Internal statistics:

num_allocs_failed_limit: 6.
num_arena_births: 992.
num_arena_deaths: 0.
num_vsnodes_births: 3.
num_vsnodes_deaths: 0.
num_space_committed: 1427.
num_space_uncommitted: 0.
num_chunks_returned_to_freelist: 6.
num_chunks_taken_from_freelist: 4226.
num_chunk_merges: 6.
num_chunk_splits: 3122.
num_chunks_enlarged: 2485.
num_inconsistent_stats: 0.

CodeCache: size=49152Kb used=13161Kb max_used=13161Kb free=35990Kb
 bounds [0x000001eb72860000, 0x000001eb73540000, 0x000001eb75860000]
 total_blobs=8298 nmethods=7554 adapters=670
 compilation: enabled
              stopped_count=0, restarted_count=0
 full_count=0

Compilation events (20 events):
Event: 23.954 Thread 0x000001eb784bcbd0 7545       1       org.hibernate.internal.util.StringHelper::replace (8 bytes)
Event: 23.954 Thread 0x000001eb784bcbd0 nmethod 7545 0x000001eb73537a10 code [0x000001eb73537ba0, 0x000001eb73537c68]
Event: 23.987 Thread 0x000001eb784bcbd0 7546       1       java.lang.invoke.MethodHandle::asFixedArity (23 bytes)
Event: 23.988 Thread 0x000001eb784bcbd0 nmethod 7546 0x000001eb73538010 code [0x000001eb735381a0, 0x000001eb73538278]
Event: 23.988 Thread 0x000001eb784bcbd0 7547       1       java.lang.invoke.MethodType::listToArray (22 bytes)
Event: 23.988 Thread 0x000001eb784bcbd0 nmethod 7547 0x000001eb73538310 code [0x000001eb73538500, 0x000001eb735387c8]
Event: 23.993 Thread 0x000001eb784bcbd0 7548       1       org.hibernate.persister.entity.AbstractEntityPersister::getRepresentationStrategy (5 bytes)
Event: 23.993 Thread 0x000001eb784bcbd0 nmethod 7548 0x000001eb73538990 code [0x000001eb73538b20, 0x000001eb73538bf8]
Event: 23.994 Thread 0x000001eb784bcbd0 7549       1       org.hibernate.tuple.entity.EntityMetamodel::getIdentifierProperty (5 bytes)
Event: 23.994 Thread 0x000001eb784bcbd0 nmethod 7549 0x000001eb73538c90 code [0x000001eb73538e20, 0x000001eb73538ef8]
Event: 23.994 Thread 0x000001eb784bcbd0 7551       1       org.hibernate.type.BasicType::getExpressibleJavaType (7 bytes)
Event: 23.994 Thread 0x000001eb784bcbd0 nmethod 7551 0x000001eb73538f90 code [0x000001eb73539140, 0x000001eb73539228]
Event: 23.994 Thread 0x000001eb784bcbd0 7550       1       org.hibernate.mapping.PersistentClass::getIdentifierMapper (5 bytes)
Event: 23.994 Thread 0x000001eb784bcbd0 nmethod 7550 0x000001eb73539290 code [0x000001eb73539420, 0x000001eb735394f8]
Event: 23.994 Thread 0x000001eb784bcbd0 7552       1       org.hibernate.metamodel.model.domain.internal.AbstractManagedType::getTypeName (5 bytes)
Event: 23.994 Thread 0x000001eb784bcbd0 nmethod 7552 0x000001eb73539590 code [0x000001eb73539720, 0x000001eb735397f8]
Event: 23.994 Thread 0x000001eb784bcbd0 7553       1       org.hibernate.metamodel.internal.AttributeFactory$1::getPropertyMapping (5 bytes)
Event: 23.994 Thread 0x000001eb784bcbd0 nmethod 7553 0x000001eb73539890 code [0x000001eb73539a20, 0x000001eb73539af8]
Event: 23.994 Thread 0x000001eb784bcbd0 7554       1       org.hibernate.metamodel.internal.AttributeFactory$1::getOwnerType (5 bytes)
Event: 23.994 Thread 0x000001eb784bcbd0 nmethod 7554 0x000001eb73539b90 code [0x000001eb73539d20, 0x000001eb73539df8]

GC Heap History (20 events):
Event: 18.897 GC heap before
{Heap before GC invocations=36 (full 0):
 garbage-first heap   total 87040K, used 65929K [0x00000000f0000000, 0x0000000100000000)
  region size 1024K, 23 young (23552K), 1 survivors (1024K)
 Metaspace       used 55958K, committed 56576K, reserved 1114112K
  class space    used 7907K, committed 8192K, reserved 1048576K
}
Event: 18.901 GC heap after
{Heap after GC invocations=37 (full 0):
 garbage-first heap   total 87040K, used 46420K [0x00000000f0000000, 0x0000000100000000)
  region size 1024K, 3 young (3072K), 3 survivors (3072K)
 Metaspace       used 55958K, committed 56576K, reserved 1114112K
  class space    used 7907K, committed 8192K, reserved 1048576K
}
Event: 19.343 GC heap before
{Heap before GC invocations=38 (full 0):
 garbage-first heap   total 96256K, used 66900K [0x00000000f0000000, 0x0000000100000000)
  region size 1024K, 23 young (23552K), 3 survivors (3072K)
 Metaspace       used 57868K, committed 58496K, reserved 1114112K
  class space    used 8222K, committed 8512K, reserved 1048576K
}
Event: 19.352 GC heap after
{Heap after GC invocations=39 (full 0):
 garbage-first heap   total 96256K, used 49527K [0x00000000f0000000, 0x0000000100000000)
  region size 1024K, 3 young (3072K), 3 survivors (3072K)
 Metaspace       used 57868K, committed 58496K, reserved 1114112K
  class space    used 8222K, committed 8512K, reserved 1048576K
}
Event: 19.578 GC heap before
{Heap before GC invocations=39 (full 0):
 garbage-first heap   total 96256K, used 50551K [0x00000000f0000000, 0x0000000100000000)
  region size 1024K, 4 young (4096K), 3 survivors (3072K)
 Metaspace       used 57995K, committed 58624K, reserved 1114112K
  class space    used 8237K, committed 8576K, reserved 1048576K
}
Event: 19.582 GC heap after
{Heap after GC invocations=40 (full 0):
 garbage-first heap   total 96256K, used 49798K [0x00000000f0000000, 0x0000000100000000)
  region size 1024K, 1 young (1024K), 1 survivors (1024K)
 Metaspace       used 57995K, committed 58624K, reserved 1114112K
  class space    used 8237K, committed 8576K, reserved 1048576K
}
Event: 20.397 GC heap before
{Heap before GC invocations=40 (full 0):
 garbage-first heap   total 96256K, used 73350K [0x00000000f0000000, 0x0000000100000000)
  region size 1024K, 24 young (24576K), 1 survivors (1024K)
 Metaspace       used 62127K, committed 62720K, reserved 1114112K
  class space    used 8938K, committed 9216K, reserved 1048576K
}
Event: 20.400 GC heap after
{Heap after GC invocations=41 (full 0):
 garbage-first heap   total 96256K, used 50585K [0x00000000f0000000, 0x0000000100000000)
  region size 1024K, 2 young (2048K), 2 survivors (2048K)
 Metaspace       used 62127K, committed 62720K, reserved 1114112K
  class space    used 8938K, committed 9216K, reserved 1048576K
}
Event: 21.044 GC heap before
{Heap before GC invocations=41 (full 0):
 garbage-first heap   total 96256K, used 75161K [0x00000000f0000000, 0x0000000100000000)
  region size 1024K, 26 young (26624K), 2 survivors (2048K)
 Metaspace       used 66267K, committed 66944K, reserved 1114112K
  class space    used 9736K, committed 10048K, reserved 1048576K
}
Event: 21.047 GC heap after
{Heap after GC invocations=42 (full 0):
 garbage-first heap   total 96256K, used 51966K [0x00000000f0000000, 0x0000000100000000)
  region size 1024K, 3 young (3072K), 3 survivors (3072K)
 Metaspace       used 66267K, committed 66944K, reserved 1114112K
  class space    used 9736K, committed 10048K, reserved 1048576K
}
Event: 22.015 GC heap before
{Heap before GC invocations=42 (full 0):
 garbage-first heap   total 96256K, used 75518K [0x00000000f0000000, 0x0000000100000000)
  region size 1024K, 27 young (27648K), 3 survivors (3072K)
 Metaspace       used 75116K, committed 75712K, reserved 1114112K
  class space    used 10848K, committed 11136K, reserved 1048576K
}
Event: 22.019 GC heap after
{Heap after GC invocations=43 (full 0):
 garbage-first heap   total 96256K, used 54417K [0x00000000f0000000, 0x0000000100000000)
  region size 1024K, 4 young (4096K), 4 survivors (4096K)
 Metaspace       used 75116K, committed 75712K, reserved 1114112K
  class space    used 10848K, committed 11136K, reserved 1048576K
}
Event: 22.439 GC heap before
{Heap before GC invocations=44 (full 0):
 garbage-first heap   total 99328K, used 76945K [0x00000000f0000000, 0x0000000100000000)
  region size 1024K, 26 young (26624K), 4 survivors (4096K)
 Metaspace       used 78196K, committed 78848K, reserved 1179648K
  class space    used 11262K, committed 11584K, reserved 1048576K
}
Event: 22.443 GC heap after
{Heap after GC invocations=45 (full 0):
 garbage-first heap   total 99328K, used 56025K [0x00000000f0000000, 0x0000000100000000)
  region size 1024K, 2 young (2048K), 2 survivors (2048K)
 Metaspace       used 78196K, committed 78848K, reserved 1179648K
  class space    used 11262K, committed 11584K, reserved 1048576K
}
Event: 22.478 GC heap before
{Heap before GC invocations=45 (full 0):
 garbage-first heap   total 99328K, used 58073K [0x00000000f0000000, 0x0000000100000000)
  region size 1024K, 4 young (4096K), 2 survivors (2048K)
 Metaspace       used 78729K, committed 79296K, reserved 1179648K
  class space    used 11303K, committed 11584K, reserved 1048576K
}
Event: 22.480 GC heap after
{Heap after GC invocations=46 (full 0):
 garbage-first heap   total 99328K, used 56197K [0x00000000f0000000, 0x0000000100000000)
  region size 1024K, 1 young (1024K), 1 survivors (1024K)
 Metaspace       used 78729K, committed 79296K, reserved 1179648K
  class space    used 11303K, committed 11584K, reserved 1048576K
}
Event: 23.282 GC heap before
{Heap before GC invocations=46 (full 0):
 garbage-first heap   total 99328K, used 79749K [0x00000000f0000000, 0x0000000100000000)
  region size 1024K, 25 young (25600K), 1 survivors (1024K)
 Metaspace       used 85039K, committed 85632K, reserved 1179648K
  class space    used 12261K, committed 12544K, reserved 1048576K
}
Event: 23.284 GC heap after
{Heap after GC invocations=47 (full 0):
 garbage-first heap   total 99328K, used 56775K [0x00000000f0000000, 0x0000000100000000)
  region size 1024K, 1 young (1024K), 1 survivors (1024K)
 Metaspace       used 85039K, committed 85632K, reserved 1179648K
  class space    used 12261K, committed 12544K, reserved 1048576K
}
Event: 23.846 GC heap before
{Heap before GC invocations=47 (full 0):
 garbage-first heap   total 99328K, used 81351K [0x00000000f0000000, 0x0000000100000000)
  region size 1024K, 26 young (26624K), 1 survivors (1024K)
 Metaspace       used 88936K, committed 89536K, reserved 1179648K
  class space    used 12889K, committed 13184K, reserved 1048576K
}
Event: 23.849 GC heap after
{Heap after GC invocations=48 (full 0):
 garbage-first heap   total 99328K, used 57561K [0x00000000f0000000, 0x0000000100000000)
  region size 1024K, 2 young (2048K), 2 survivors (2048K)
 Metaspace       used 88936K, committed 89536K, reserved 1179648K
  class space    used 12889K, committed 13184K, reserved 1048576K
}

Dll operation events (13 events):
Event: 0.011 Loaded shared library C:\Users\GNEX_DIGITAL\.jdks\ms-17.0.19\bin\java.dll
Event: 0.036 Loaded shared library C:\Users\GNEX_DIGITAL\.jdks\ms-17.0.19\bin\jsvml.dll
Event: 0.286 Loaded shared library C:\Users\GNEX_DIGITAL\.jdks\ms-17.0.19\bin\zip.dll
Event: 0.288 Loaded shared library C:\Users\GNEX_DIGITAL\.jdks\ms-17.0.19\bin\instrument.dll
Event: 0.295 Loaded shared library C:\Users\GNEX_DIGITAL\.jdks\ms-17.0.19\bin\net.dll
Event: 0.297 Loaded shared library C:\Users\GNEX_DIGITAL\.jdks\ms-17.0.19\bin\nio.dll
Event: 0.300 Loaded shared library C:\Users\GNEX_DIGITAL\.jdks\ms-17.0.19\bin\zip.dll
Event: 0.461 Loaded shared library C:\Users\GNEX_DIGITAL\.jdks\ms-17.0.19\bin\jimage.dll
Event: 0.470 Loaded shared library C:\Users\GNEX_DIGITAL\.jdks\ms-17.0.19\bin\extnet.dll
Event: 0.497 Loaded shared library C:\Users\GNEX_DIGITAL\.jdks\ms-17.0.19\bin\management.dll
Event: 0.517 Loaded shared library C:\Users\GNEX_DIGITAL\.jdks\ms-17.0.19\bin\management_ext.dll
Event: 6.827 Loaded shared library C:\Users\GNEX_DIGITAL\.jdks\ms-17.0.19\bin\sunmscapi.dll
Event: 16.837 Loaded shared library C:\Users\GNEX_DIGITAL\.jdks\ms-17.0.19\bin\verify.dll

Deoptimization events (4 events):
Event: 3.029 Thread 0x000001eb7db01cd0 DEOPT PACKING pc=0x000001eb72bb489c sp=0x00000051ef9fd370
Event: 3.029 Thread 0x000001eb7db01cd0 DEOPT UNPACKING pc=0x000001eb728bace3 sp=0x00000051ef9fc838 mode 0
Event: 23.464 Thread 0x000001eb7db01cd0 DEOPT PACKING pc=0x000001eb73482474 sp=0x00000051ef9fbec0
Event: 23.464 Thread 0x000001eb7db01cd0 DEOPT UNPACKING pc=0x000001eb728bace3 sp=0x00000051ef9fb358 mode 0

Classes loaded (20 events):
Event: 21.584 Loading class java/util/TimerTask
Event: 21.584 Loading class java/util/TimerTask done
Event: 21.889 Loading class java/io/CharArrayWriter
Event: 21.889 Loading class java/io/CharArrayWriter done
Event: 21.890 Loading class java/lang/StringIndexOutOfBoundsException
Event: 21.890 Loading class java/lang/StringIndexOutOfBoundsException done
Event: 21.911 Loading class jdk/internal/reflect/UnsafeQualifiedStaticIntegerFieldAccessorImpl
Event: 21.911 Loading class jdk/internal/reflect/UnsafeQualifiedStaticIntegerFieldAccessorImpl done
Event: 22.462 Loading class javax/naming/RefAddr
Event: 22.463 Loading class javax/naming/RefAddr done
Event: 22.463 Loading class javax/naming/StringRefAddr
Event: 22.463 Loading class javax/naming/StringRefAddr done
Event: 22.509 Loading class java/util/concurrent/CompletableFuture$AltResult
Event: 22.509 Loading class java/util/concurrent/CompletableFuture$AltResult done
Event: 22.509 Loading class java/util/concurrent/CompletableFuture$Completion
Event: 22.509 Loading class java/util/concurrent/CompletableFuture$AsynchronousCompletionTask
Event: 22.509 Loading class java/util/concurrent/CompletableFuture$AsynchronousCompletionTask done
Event: 22.509 Loading class java/util/concurrent/CompletableFuture$Completion done
Event: 23.132 Loading class java/util/concurrent/CancellationException
Event: 23.132 Loading class java/util/concurrent/CancellationException done

Classes unloaded (0 events):
No events

Classes redefined (0 events):
No events

Internal exceptions (20 events):
Event: 21.954 Thread 0x000001eb7db01cd0 Exception <a 'java/lang/NoSuchMethodError'{0x00000000f4833e40}: 'java.lang.Object java.lang.invoke.DirectMethodHandle$Holder.newInvokeSpecial(java.lang.Object, java.lang.Object, java.lang.Object, java.lang.Object, java.lang.Object, int, java.lang.Object)'> (0x00000000f4833e40) 
thrown [s\src\hotspot\share\interpreter\linkResolver.cpp, line 759]
Event: 21.954 Thread 0x000001eb7db01cd0 Exception <a 'java/lang/NoSuchMethodError'{0x00000000f483cdf0}: 'java.lang.Object java.lang.invoke.Invokers$Holder.linkToTargetMethod(java.lang.Object, java.lang.Object, java.lang.Object, java.lang.Object, int, java.lang.Object, java.lang.Object)'> (0x00000000f483cdf0) 
thrown [s\src\hotspot\share\interpreter\linkResolver.cpp, line 759]
Event: 22.330 Thread 0x000001eb7db01cd0 Exception <a 'java/lang/NoSuchMethodError'{0x00000000f52344f8}: 'void java.lang.invoke.DirectMethodHandle$Holder.invokeSpecial(java.lang.Object, java.lang.Object, int, java.lang.Object)'> (0x00000000f52344f8) 
thrown [s\src\hotspot\share\interpreter\linkResolver.cpp, line 759]
Event: 22.355 Thread 0x000001eb7db01cd0 Exception <a 'java/lang/NoSuchMethodError'{0x00000000f51390a8}: 'java.lang.Object java.lang.invoke.DirectMethodHandle$Holder.invokeSpecial(java.lang.Object, java.lang.Object, java.lang.Object, long, long)'> (0x00000000f51390a8) 
thrown [s\src\hotspot\share\interpreter\linkResolver.cpp, line 759]
Event: 22.641 Thread 0x000001eb7db01cd0 Exception <a 'java/lang/IncompatibleClassChangeError'{0x00000000f58ef658}: Found class java.lang.Object, but interface was expected> (0x00000000f58ef658) 
thrown [s\src\hotspot\share\interpreter\linkResolver.cpp, line 826]
Event: 22.659 Thread 0x000001eb7db01cd0 Exception <a 'java/lang/NoSuchMethodError'{0x00000000f57b9aa8}: 'java.lang.Object java.lang.invoke.DirectMethodHandle$Holder.invokeStaticInit(java.lang.Object, java.lang.Object, int, java.lang.Object)'> (0x00000000f57b9aa8) 
thrown [s\src\hotspot\share\interpreter\linkResolver.cpp, line 759]
Event: 23.627 Thread 0x000001eb7db01cd0 Exception <a 'java/lang/NoSuchMethodError'{0x00000000f4f6e560}: 'void java.lang.invoke.DirectMethodHandle$Holder.invokeStaticInit(java.lang.Object, int, java.lang.Object, java.lang.Object, java.lang.Object, java.lang.Object)'> (0x00000000f4f6e560) 
thrown [s\src\hotspot\share\interpreter\linkResolver.cpp, line 759]
Event: 23.670 Thread 0x000001eb7db01cd0 Exception <a 'java/lang/NoSuchMethodError'{0x00000000f4ebc1d8}: 'int java.lang.invoke.DirectMethodHandle$Holder.invokeStatic(java.lang.Object, java.lang.Object, java.lang.Object, java.lang.Object, java.lang.Object, java.lang.Object)'> (0x00000000f4ebc1d8) 
thrown [s\src\hotspot\share\interpreter\linkResolver.cpp, line 759]
Event: 23.693 Thread 0x000001eb7db01cd0 Exception <a 'java/lang/NoSuchMethodError'{0x00000000f4da7060}: 'java.lang.Object java.lang.invoke.DirectMethodHandle$Holder.newInvokeSpecial(java.lang.Object, java.lang.Object, int, int)'> (0x00000000f4da7060) 
thrown [s\src\hotspot\share\interpreter\linkResolver.cpp, line 759]
Event: 23.694 Thread 0x000001eb7db01cd0 Exception <a 'java/lang/NoSuchMethodError'{0x00000000f4db1e40}: 'void java.lang.invoke.DirectMethodHandle$Holder.invokeStatic(java.lang.Object, java.lang.Object, java.lang.Object, java.lang.Object, java.lang.Object, java.lang.Object, java.lang.Object)'> (0x00000000f4db1e40) 
thrown [s\src\hotspot\share\interpreter\linkResolver.cpp, line 759]
Event: 23.702 Thread 0x000001eb7db01cd0 Exception <a 'java/lang/NoSuchMethodError'{0x00000000f4c05998}: 'void java.lang.invoke.DirectMethodHandle$Holder.invokeInterface(java.lang.Object, java.lang.Object, int, java.lang.Object)'> (0x00000000f4c05998) 
thrown [s\src\hotspot\share\interpreter\linkResolver.cpp, line 759]
Event: 23.706 Thread 0x000001eb7db01cd0 Exception <a 'java/lang/NoSuchMethodError'{0x00000000f4c3efe8}: 'java.lang.Object java.lang.invoke.DirectMethodHandle$Holder.newInvokeSpecial(java.lang.Object, java.lang.Object, int, java.lang.Object)'> (0x00000000f4c3efe8) 
thrown [s\src\hotspot\share\interpreter\linkResolver.cpp, line 759]
Event: 23.728 Thread 0x000001eb7db01cd0 Exception <a 'java/lang/NoSuchMethodError'{0x00000000f4cc55d0}: 'void java.lang.invoke.DirectMethodHandle$Holder.invokeSpecial(java.lang.Object, java.lang.Object, java.lang.Object, java.lang.Object, java.lang.Object, java.lang.Object, java.lang.Object, java.lang.Object)'> (0x00000000f4cc55d0) 
thrown [s\src\hotspot\share\interpreter\linkResolver.cpp, line 759]
Event: 23.736 Thread 0x000001eb7db01cd0 Exception <a 'java/lang/IncompatibleClassChangeError'{0x00000000f4b18878}: Found class java.lang.Object, but interface was expected> (0x00000000f4b18878) 
thrown [s\src\hotspot\share\interpreter\linkResolver.cpp, line 826]
Event: 23.783 Thread 0x000001eb7db01cd0 Exception <a 'java/lang/NoSuchMethodError'{0x00000000f4ab7600}: 'int java.lang.invoke.DirectMethodHandle$Holder.invokeStatic(java.lang.Object, int, java.lang.Object)'> (0x00000000f4ab7600) 
thrown [s\src\hotspot\share\interpreter\linkResolver.cpp, line 759]
Event: 23.792 Thread 0x000001eb7db01cd0 Exception <a 'java/lang/NoSuchMethodError'{0x00000000f4925f78}: 'java.lang.Object java.lang.invoke.DirectMethodHandle$Holder.newInvokeSpecial(java.lang.Object, java.lang.Object, java.lang.Object, java.lang.Object, java.lang.Object, java.lang.Object, java.lang.Object, java.lang.Object, java.lang.Object, java.lang.Object, java.lang.Object, java.lang.Object)'> (0x00000000f4925f78) 
thrown [s\src\hotspot\share\interpreter\linkResolver.cpp, line 759]
Event: 23.793 Thread 0x000001eb7db01cd0 Exception <a 'java/lang/NoSuchMethodError'{0x00000000f492aa10}: 'java.lang.Object java.lang.invoke.DirectMethodHandle$Holder.invokeSpecial(java.lang.Object, java.lang.Object, java.lang.Object, java.lang.Object, java.lang.Object, java.lang.Object, java.lang.Object, java.lang.Object, java.lang.Object, java.lang.Object, java.lang.Object, java.lang.Object, java.lang.Object)'> (0x00000000f492aa10) 
thrown [s\src\hotspot\share\interpreter\linkResolver.cpp, line 759]
Event: 23.793 Thread 0x000001eb7db01cd0 Exception <a 'java/lang/NoSuchMethodError'{0x00000000f492f128}: 'java.lang.Object java.lang.invoke.Invokers$Holder.linkToTargetMethod(java.lang.Object, java.lang.Object, java.lang.Object, java.lang.Object, java.lang.Object, java.lang.Object, java.lang.Object, java.lang.Object, java.lang.Object, java.lang.Object, java.lang.Object, java.lang.Object)'> (0x00000000f492f128) 
thrown [s\src\hotspot\share\interpreter\linkResolver.cpp, line 759]
Event: 23.853 Thread 0x000001eb7db01cd0 Exception <a 'java/lang/IncompatibleClassChangeError'{0x00000000f6029c40}: Found class java.lang.Object, but interface was expected> (0x00000000f6029c40) 
thrown [s\src\hotspot\share\interpreter\linkResolver.cpp, line 826]
Event: 23.868 Thread 0x000001eb7db01cd0 Exception <a 'java/lang/NoSuchMethodError'{0x00000000f60de6b0}: 'java.lang.Object java.lang.invoke.DirectMethodHandle$Holder.newInvokeSpecial(java.lang.Object, java.lang.Object, int, java.lang.Object, int, java.lang.Object, java.lang.Object)'> (0x00000000f60de6b0) 
thrown [s\src\hotspot\share\interpreter\linkResolver.cpp, line 759]

VM Operations (20 events):
Event: 22.131 Executing VM operation: G1PauseCleanup
Event: 22.131 Executing VM operation: G1PauseCleanup done
Event: 22.439 Executing VM operation: G1CollectForAllocation
Event: 22.439 Executing VM operation: G1CollectForAllocation done
Event: 22.439 Executing VM operation: G1CollectForAllocation
Event: 22.443 Executing VM operation: G1CollectForAllocation done
Event: 22.478 Executing VM operation: G1CollectForAllocation
Event: 22.480 Executing VM operation: G1CollectForAllocation done
Event: 23.252 Executing VM operation: HandshakeAllThreads
Event: 23.252 Executing VM operation: HandshakeAllThreads done
Event: 23.282 Executing VM operation: G1CollectForAllocation
Event: 23.284 Executing VM operation: G1CollectForAllocation done
Event: 23.291 Executing VM operation: HandshakeAllThreads
Event: 23.291 Executing VM operation: HandshakeAllThreads done
Event: 23.464 Executing VM operation: HandshakeAllThreads
Event: 23.464 Executing VM operation: HandshakeAllThreads done
Event: 23.515 Executing VM operation: ICBufferFull
Event: 23.515 Executing VM operation: ICBufferFull done
Event: 23.846 Executing VM operation: G1CollectForAllocation
Event: 23.849 Executing VM operation: G1CollectForAllocation done

Memory protections (0 events):
No events

Nmethod flushes (0 events):
No events

Events (20 events):
Event: 19.418 Thread 0x000001eb7e08b120 Thread added: 0x000001eb7e08deb0
Event: 19.582 Thread 0x000001eb7e08deb0 Thread exited: 0x000001eb7e08deb0
Event: 19.954 Thread 0x000001eb7e08b120 Thread added: 0x000001eb7e08bb40
Event: 19.981 Thread 0x000001eb7e08bb40 Thread exited: 0x000001eb7e08bb40
Event: 20.511 Thread 0x000001eb7e08b120 Thread added: 0x000001eb7e08d490
Event: 20.548 Thread 0x000001eb7e08d490 Thread exited: 0x000001eb7e08d490
Event: 21.069 Thread 0x000001eb7e08b120 Thread added: 0x000001eb7e08cf80
Event: 21.087 Thread 0x000001eb7e08cf80 Thread exited: 0x000001eb7e08cf80
Event: 21.570 Thread 0x000001eb7db01cd0 Thread added: 0x000001eb7e08c050
Event: 21.617 Thread 0x000001eb7e08b120 Thread added: 0x000001eb7e08cf80
Event: 21.672 Thread 0x000001eb7e08cf80 Thread exited: 0x000001eb7e08cf80
Event: 21.693 Thread 0x000001eb7e08c050 Thread added: 0x000001eb7e08cf80
Event: 22.152 Thread 0x000001eb7e08b120 Thread added: 0x000001eb7e08a700
Event: 22.168 Thread 0x000001eb7e08a700 Thread exited: 0x000001eb7e08a700
Event: 22.694 Thread 0x000001eb7e08b120 Thread added: 0x000001eb7e08d490
Event: 22.794 Thread 0x000001eb7e08d490 Thread exited: 0x000001eb7e08d490
Event: 23.295 Thread 0x000001eb7e08b120 Thread added: 0x000001eb7e08d490
Event: 23.311 Thread 0x000001eb7e08d490 Thread exited: 0x000001eb7e08d490
Event: 23.801 Thread 0x000001eb7e08b120 Thread added: 0x000001eb7e08a700
Event: 23.819 Thread 0x000001eb7e08a700 Thread exited: 0x000001eb7e08a700


Dynamic libraries:
0x00007ff74a4d0000 - 0x00007ff74a4de000 	C:\Users\GNEX_DIGITAL\.jdks\ms-17.0.19\bin\java.exe
0x00007ff8ed8b0000 - 0x00007ff8edaa8000 	C:\Windows\SYSTEM32\ntdll.dll
0x00007ff8eba90000 - 0x00007ff8ebb4f000 	C:\Windows\System32\KERNEL32.DLL
0x00007ff8eb0a0000 - 0x00007ff8eb372000 	C:\Windows\System32\KERNELBASE.dll
0x00007ff8eb6a0000 - 0x00007ff8eb7a0000 	C:\Windows\System32\ucrtbase.dll
0x00007ff8e68f0000 - 0x00007ff8e6908000 	C:\Users\GNEX_DIGITAL\.jdks\ms-17.0.19\bin\jli.dll
0x00007ff8ebd10000 - 0x00007ff8ebeb1000 	C:\Windows\System32\USER32.dll
0x00007ff8eafb0000 - 0x00007ff8eafd2000 	C:\Windows\System32\win32u.dll
0x00007ff8eb9a0000 - 0x00007ff8eb9cb000 	C:\Windows\System32\GDI32.dll
0x00007ff8eb590000 - 0x00007ff8eb69f000 	C:\Windows\System32\gdi32full.dll
0x00007ff8eb460000 - 0x00007ff8eb4fd000 	C:\Windows\System32\msvcp_win.dll
0x00007ff8e3830000 - 0x00007ff8e384e000 	C:\Users\GNEX_DIGITAL\.jdks\ms-17.0.19\bin\VCRUNTIME140.dll
0x00007ff8d6660000 - 0x00007ff8d68fa000 	C:\Windows\WinSxS\amd64_microsoft.windows.common-controls_6595b64144ccf1df_6.0.19041.1110_none_60b5254171f9507e\COMCTL32.dll
0x00007ff8ed710000 - 0x00007ff8ed7ae000 	C:\Windows\System32\msvcrt.dll
0x00007ff8ebce0000 - 0x00007ff8ebd10000 	C:\Windows\System32\IMM32.DLL
0x00007ff8e7ee0000 - 0x00007ff8e7eec000 	C:\Users\GNEX_DIGITAL\.jdks\ms-17.0.19\bin\vcruntime140_1.dll
0x00007ff8cece0000 - 0x00007ff8ced69000 	C:\Users\GNEX_DIGITAL\.jdks\ms-17.0.19\bin\msvcp140.dll
0x00007ff898dc0000 - 0x00007ff899a3b000 	C:\Users\GNEX_DIGITAL\.jdks\ms-17.0.19\bin\server\jvm.dll
0x00007ff8ed530000 - 0x00007ff8ed5de000 	C:\Windows\System32\ADVAPI32.dll
0x00007ff8eb900000 - 0x00007ff8eb99c000 	C:\Windows\System32\sechost.dll
0x00007ff8ed5e0000 - 0x00007ff8ed704000 	C:\Windows\System32\RPCRT4.dll
0x00007ff8ec2b0000 - 0x00007ff8ec31b000 	C:\Windows\System32\WS2_32.dll
0x00007ff8ea960000 - 0x00007ff8ea9ab000 	C:\Windows\SYSTEM32\POWRPROF.dll
0x00007ff8d44e0000 - 0x00007ff8d4507000 	C:\Windows\SYSTEM32\WINMM.dll
0x00007ff8e0760000 - 0x00007ff8e076a000 	C:\Windows\SYSTEM32\VERSION.dll
0x00007ff8ea940000 - 0x00007ff8ea952000 	C:\Windows\SYSTEM32\UMPDC.dll
0x00007ff8e8e10000 - 0x00007ff8e8e22000 	C:\Windows\SYSTEM32\kernel.appcore.dll
0x00007ff8e6960000 - 0x00007ff8e696a000 	C:\Users\GNEX_DIGITAL\.jdks\ms-17.0.19\bin\jimage.dll
0x00007ff8e4bf0000 - 0x00007ff8e4dd4000 	C:\Windows\SYSTEM32\DBGHELP.DLL
0x00007ff8cfe80000 - 0x00007ff8cfeb5000 	C:\Windows\SYSTEM32\dbgcore.DLL
0x00007ff8eb500000 - 0x00007ff8eb582000 	C:\Windows\System32\bcryptPrimitives.dll
0x00007ff8e6810000 - 0x00007ff8e681f000 	C:\Users\GNEX_DIGITAL\.jdks\ms-17.0.19\bin\instrument.dll
0x00007ff8e3580000 - 0x00007ff8e35a6000 	C:\Users\GNEX_DIGITAL\.jdks\ms-17.0.19\bin\java.dll
0x00007ff8ce660000 - 0x00007ff8ce736000 	C:\Users\GNEX_DIGITAL\.jdks\ms-17.0.19\bin\jsvml.dll
0x00007ff8ec760000 - 0x00007ff8ecea5000 	C:\Windows\System32\SHELL32.dll
0x00007ff8e9030000 - 0x00007ff8e97c2000 	C:\Windows\SYSTEM32\windows.storage.dll
0x00007ff8ebec0000 - 0x00007ff8ec215000 	C:\Windows\System32\combase.dll
0x00007ff8ea8c0000 - 0x00007ff8ea8f0000 	C:\Windows\SYSTEM32\Wldp.dll
0x00007ff8eb9e0000 - 0x00007ff8eba8d000 	C:\Windows\System32\SHCORE.dll
0x00007ff8ed3a0000 - 0x00007ff8ed3f5000 	C:\Windows\System32\shlwapi.dll
0x00007ff8eaef0000 - 0x00007ff8eaf0f000 	C:\Windows\SYSTEM32\profapi.dll
0x00007ff8e2a70000 - 0x00007ff8e2a88000 	C:\Users\GNEX_DIGITAL\.jdks\ms-17.0.19\bin\zip.dll
0x00007ff8e2a50000 - 0x00007ff8e2a6b000 	C:\Users\GNEX_DIGITAL\.jdks\ms-17.0.19\bin\net.dll
0x00007ff8e5140000 - 0x00007ff8e524a000 	C:\Windows\SYSTEM32\WINHTTP.dll
0x00007ff8ea6a0000 - 0x00007ff8ea70a000 	C:\Windows\system32\mswsock.dll
0x00007ff8e29b0000 - 0x00007ff8e29c6000 	C:\Users\GNEX_DIGITAL\.jdks\ms-17.0.19\bin\nio.dll
0x00007ff8e3f10000 - 0x00007ff8e3f19000 	C:\Users\GNEX_DIGITAL\.jdks\ms-17.0.19\bin\extnet.dll
0x00007ff8ea3f0000 - 0x00007ff8ea4bb000 	C:\Windows\SYSTEM32\DNSAPI.dll
0x00007ff8ea3b0000 - 0x00007ff8ea3eb000 	C:\Windows\SYSTEM32\IPHLPAPI.DLL
0x00007ff8ed520000 - 0x00007ff8ed528000 	C:\Windows\System32\NSI.dll
0x00007ff8e0400000 - 0x00007ff8e040a000 	C:\Windows\System32\rasadhlp.dll
0x00007ff8db9d0000 - 0x00007ff8dba50000 	C:\Windows\System32\fwpuclnt.dll
0x00007ff8eb430000 - 0x00007ff8eb457000 	C:\Windows\System32\bcrypt.dll
0x00007ff8e3b50000 - 0x00007ff8e3b5a000 	C:\Users\GNEX_DIGITAL\.jdks\ms-17.0.19\bin\management.dll
0x00007ff8e3900000 - 0x00007ff8e390c000 	C:\Users\GNEX_DIGITAL\.jdks\ms-17.0.19\bin\management_ext.dll
0x00007ff8eb9d0000 - 0x00007ff8eb9d8000 	C:\Windows\System32\PSAPI.DLL
0x00007ff8ea900000 - 0x00007ff8ea918000 	C:\Windows\SYSTEM32\CRYPTSP.dll
0x00007ff8e9fe0000 - 0x00007ff8ea014000 	C:\Windows\system32\rsaenh.dll
0x00007ff8eaeb0000 - 0x00007ff8eaede000 	C:\Windows\SYSTEM32\USERENV.dll
0x00007ff8ea830000 - 0x00007ff8ea83c000 	C:\Windows\SYSTEM32\CRYPTBASE.dll
0x00007ff8e05f0000 - 0x00007ff8e0607000 	C:\Windows\SYSTEM32\dhcpcsvc6.DLL
0x00007ff8e04e0000 - 0x00007ff8e04fd000 	C:\Windows\SYSTEM32\dhcpcsvc.DLL
0x00007ff8c8680000 - 0x00007ff8c8697000 	C:\Windows\system32\napinsp.dll
0x00007ff8c8660000 - 0x00007ff8c867b000 	C:\Windows\system32\pnrpnsp.dll
0x00007ff8e50e0000 - 0x00007ff8e50f5000 	C:\Windows\system32\wshbth.dll
0x00007ff8e68d0000 - 0x00007ff8e68ed000 	C:\Windows\system32\NLAapi.dll
0x00007ff8c8640000 - 0x00007ff8c8652000 	C:\Windows\System32\winrnr.dll
0x00007ff8e38c0000 - 0x00007ff8e38ce000 	C:\Users\GNEX_DIGITAL\.jdks\ms-17.0.19\bin\sunmscapi.dll
0x00007ff8eb7a0000 - 0x00007ff8eb8f6000 	C:\Windows\System32\CRYPT32.dll
0x00007ff8eaa80000 - 0x00007ff8eaaa7000 	C:\Windows\SYSTEM32\ncrypt.dll
0x00007ff8eaa40000 - 0x00007ff8eaa7b000 	C:\Windows\SYSTEM32\NTASN1.dll
0x00007ff8e3820000 - 0x00007ff8e3830000 	C:\Users\GNEX_DIGITAL\.jdks\ms-17.0.19\bin\verify.dll

dbghelp: loaded successfully - version: 4.0.5 - missing functions: none
symbol engine: initialized successfully - sym options: 0x614 - pdb path: .;C:\Users\GNEX_DIGITAL\.jdks\ms-17.0.19\bin;C:\Windows\SYSTEM32;C:\Windows\WinSxS\amd64_microsoft.windows.common-controls_6595b64144ccf1df_6.0.19041.1110_none_60b5254171f9507e;C:\Users\GNEX_DIGITAL\.jdks\ms-17.0.19\bin\server

VM Arguments:
jvm_args: -Xms64m -Xmx256m -XX:TieredStopAtLevel=1 -Dspring.output.ansi.enabled=always -Dcom.sun.management.jmxremote -Dspring.jmx.enabled=true -Dspring.liveBeansView.mbeanDomain -Dspring.application.admin.enabled=true -Dmanagement.endpoints.jmx.exposure.include=* -javaagent:D:\IntelliJ IDEA 2026.1.4\lib\idea_rt.jar=52581 -Dfile.encoding=UTF-8 
java_command: com.zosh.SeatServiceApplication
java_class_path (initial): D:\Airline Project\Backend\Microservices\services\seat-service\target\classes;D:\Airline Project\Backend\Microservices\common-lib\target\classes;C:\Users\GNEX_DIGITAL\.m2\repository\org\springframework\boot\spring-boot-starter-validation\4.0.2\spring-boot-starter-validation-4.0.2.jar;C:\Users\GNEX_DIGITAL\.m2\repository\org\springframework\boot\spring-boot-validation\4.0.2\spring-boot-validation-4.0.2.jar;C:\Users\GNEX_DIGITAL\.m2\repository\org\apache\tomcat\embed\tomcat-embed-el\11.0.15\tomcat-embed-el-11.0.15.jar;C:\Users\GNEX_DIGITAL\.m2\repository\org\hibernate\validator\hibernate-validator\9.0.1.Final\hibernate-validator-9.0.1.Final.jar;C:\Users\GNEX_DIGITAL\.m2\repository\org\jboss\logging\jboss-logging\3.6.1.Final\jboss-logging-3.6.1.Final.jar;C:\Users\GNEX_DIGITAL\.m2\repository\com\fasterxml\classmate\1.7.3\classmate-1.7.3.jar;C:\Users\GNEX_DIGITAL\.m2\repository\org\springframework\boot\spring-boot-starter-data-jpa\4.0.2\spring-boot-starter-data-jpa-4.0.2.jar;C:\Users\GNEX_DIGITAL\.m2\repository\org\springframework\boot\spring-boot-starter\4.0.2\spring-boot-starter-4.0.2.jar;C:\Users\GNEX_DIGITAL\.m2\repository\org\springframework\boot\spring-boot-starter-logging\4.0.2\spring-boot-starter-logging-4.0.2.jar;C:\Users\GNEX_DIGITAL\.m2\repository\ch\qos\logback\logback-classic\1.5.25\logback-classic-1.5.25.jar;C:\Users\GNEX_DIGITAL\.m2\repository\ch\qos\logback\logback-core\1.5.25\logback-core-1.5.25.jar;C:\Users\GNEX_DIGITAL\.m2\repository\org\apache\logging\log4j\log4j-to-slf4j\2.25.3\log4j-to-slf4j-2.25.3.jar;C:\Users\GNEX_DIGITAL\.m2\repository\org\slf4j\jul-to-slf4j\2.0.17\jul-to-slf4j-2.0.17.jar;C:\Users\GNEX_DIGITAL\.m2\repository\jakarta\annotation\jakarta.annotation-api\3.0.0\jakarta.annotation-api-3.0.0.jar;C:\Users\GNEX_DIGITAL\.m2\repository\org\yaml\snakeyaml\2.5\snakeyaml-2.5.jar;C:\Users\GNEX_DIGITAL\.m2\repository\org\springframework\boot\spring-boot-starter-jdbc\4.0.2\spring-boot-starter-jdbc-4.0.2.jar;C:\Users\GN
Launcher Type: SUN_STANDARD

[Global flags]
     intx CICompilerCount                          = 3                                         {product} {ergonomic}
     uint ConcGCThreads                            = 1                                         {product} {ergonomic}
     uint G1ConcRefinementThreads                  = 4                                         {product} {ergonomic}
   size_t G1HeapRegionSize                         = 1048576                                   {product} {ergonomic}
    uintx GCDrainStackTargetSize                   = 64                                        {product} {ergonomic}
   size_t InitialHeapSize                          = 67108864                                  {product} {command line}
     bool ManagementServer                         = true                                      {product} {command line}
   size_t MarkStackSize                            = 4194304                                   {product} {ergonomic}
   size_t MaxHeapSize                              = 268435456                                 {product} {command line}
   size_t MaxNewSize                               = 160432128                                 {product} {ergonomic}
   size_t MinHeapDeltaBytes                        = 1048576                                   {product} {ergonomic}
   size_t MinHeapSize                              = 67108864                                  {product} {command line}
    uintx NonProfiledCodeHeapSize                  = 0                                      {pd product} {ergonomic}
     bool ProfileInterpreter                       = false                                  {pd product} {command line}
    uintx ProfiledCodeHeapSize                     = 0                                      {pd product} {ergonomic}
   size_t SoftMaxHeapSize                          = 268435456                              {manageable} {ergonomic}
     intx TieredStopAtLevel                        = 1                                         {product} {command line}
     bool UseCompressedClassPointers               = true                           {product lp64_product} {ergonomic}
     bool UseCompressedOops                        = true                           {product lp64_product} {ergonomic}
     bool UseG1GC                                  = true                                      {product} {ergonomic}
     bool UseLargePagesIndividualAllocation        = false                                  {pd product} {ergonomic}

Logging:
Log output configuration:
 #0: stdout all=warning uptime,level,tags
 #1: stderr all=off uptime,level,tags

Environment Variables:
JAVA_HOME=C:\Program Files\Java\latest\jdk-17
PATH=C:\Python314\Scripts\;C:\Python314\;C:\Program Files\Common Files\Oracle\Java\javapath;C:\Windows\system32;C:\Windows;C:\Windows\System32\Wbem;C:\Windows\System32\WindowsPowerShell\v1.0\;C:\Windows\System32\OpenSSH\;C:\Program Files\Java\latest\jdk-17\bin;C:\Program Files\Maven\apache-maven-3.9.16\bin;D:\Git\cmd;C:\Program Files\nodejs\;C:\ProgramData\chocolatey\bin;;C:\Program Files\Docker\Docker\resources\bin;C:\Users\GNEX_DIGITAL\AppData\Local\Microsoft\WindowsApps;D:\IntelliJ IDEA 2026.1.4\bin;D:\Microsoft VS Code\bin;C:\Users\GNEX_DIGITAL\AppData\Roaming\npm;D:\Antigravity IDE\bin
USERNAME=GNEX_DIGITAL
OS=Windows_NT
PROCESSOR_IDENTIFIER=Intel64 Family 6 Model 140 Stepping 1, GenuineIntel
TMP=C:\Users\GNEX_D~1\AppData\Local\Temp
TEMP=C:\Users\GNEX_D~1\AppData\Local\Temp



Periodic native trim disabled


---------------  S Y S T E M  ---------------

OS:
 Windows 10 , 64 bit Build 19041 (10.0.19041.2546)
OS uptime: 4 days 9:58 hours
Hyper-V role detected

CPU: total 4 (initial active 4) (2 cores per cpu, 2 threads per core) family 6 model 140 stepping 1 microcode 0x9a, cx8, cmov, fxsr, ht, mmx, 3dnowpref, sse, sse2, sse3, ssse3, sse4.1, sse4.2, popcnt, lzcnt, tsc, tscinvbit, avx, avx2, aes, erms, clmul, bmi1, bmi2, adx, avx512f, avx512dq, avx512cd, avx512bw, avx512vl, sha, fma, vzeroupper, avx512_vpopcntdq, avx512_vpclmulqdq, avx512_vaes, avx512_vnni, clflush, clflushopt, clwb, avx512_vbmi2, avx512_vbmi, hv
Processor Information for the first 4 processors :
  Max Mhz: 2995, Current Mhz: 2995, Mhz Limit: 2995

Memory: 4k page, system-wide physical 7991M (126M free)
TotalPageFile size 23535M (AvailPageFile size 0M)
current process WorkingSet (physical memory assigned to process): 271M, peak: 271M
current process commit charge ("private bytes"): 319M, peak: 319M

vm_info: OpenJDK 64-Bit Server VM (17.0.19+10-LTS) for windows-amd64 JRE (17.0.19+10-LTS), built on Apr 18 2026 18:24:40 by "MicrosoftCorporation" with MS VC++ 17.14 (VS2022)

END.
