#
# There is insufficient memory for the Java Runtime Environment to continue.
# Native memory allocation (mmap) failed to map 65536 bytes. Error detail: Failed to commit metaspace.
# Possible reasons:
#   The system is out of physical RAM or swap space
#   This process is running with CompressedOops enabled, and the Java Heap may be blocking the growth of the native heap
# Possible solutions:
#   Reduce memory load on the system
#   Increase physical memory or swap space
#   Check if swap backing store is full
#   Decrease Java heap size (-Xmx/-Xms)
#   Decrease number of Java threads
#   Decrease Java thread stack sizes (-Xss)
#   Set larger code cache with -XX:ReservedCodeCacheSize=
#   JVM is running with Unscaled Compressed Oops mode in which the Java heap is
#     placed in the first 4GB address space. The Java Heap base address is the
#     maximum limit for the native heap growth. Please use -XX:HeapBaseMinAddress
#     to set the Java Heap base and to place the Java Heap above 4GB virtual address.
# This output file may be truncated or incomplete.
#
#  Out of Memory Error (virtualSpaceNode.cpp:110), pid=984, tid=1212
#
# JRE version: OpenJDK Runtime Environment Microsoft-13877129 (17.0.19+10) (build 17.0.19+10-LTS)
# Java VM: OpenJDK 64-Bit Server VM Microsoft-13877129 (17.0.19+10-LTS, mixed mode, emulated-client, sharing, tiered, compressed oops, compressed class ptrs, g1 gc, windows-amd64)
# No core dump will be written. Minidumps are not enabled by default on client versions of Windows
#

---------------  S U M M A R Y ------------

Command Line: -Xms128m -Xmx512m -XX:TieredStopAtLevel=1 -Dspring.output.ansi.enabled=always -Dcom.sun.management.jmxremote -Dspring.jmx.enabled=true -Dspring.liveBeansView.mbeanDomain -Dspring.application.admin.enabled=true -Dmanagement.endpoints.jmx.exposure.include=* -javaagent:D:\IntelliJ IDEA 2026.1.4\lib\idea_rt.jar=55237 -Dfile.encoding=UTF-8 com.zosh.SeatServiceApplication

Host: 11th Gen Intel(R) Core(TM) i3-1115G4 @ 3.00GHz, 4 cores, 11G,  Windows 10 , 64 bit Build 19041 (10.0.19041.2546)
Time: Thu Aug  6 21:00:46 2026 India Standard Time elapsed time: 8.886225 seconds (0d 0h 0m 8s)

---------------  T H R E A D  ---------------

Current thread (0x000001734e1d3590):  JavaThread "restartedMain" [_thread_in_vm, id=1212, stack(0x0000002eb0e00000,0x0000002eb0f00000)]

Stack: [0x0000002eb0e00000,0x0000002eb0f00000]
Native frames: (J=compiled Java code, j=interpreted, Vv=VM code, C=native code)
V  [jvm.dll+0x68cc89]  (no source info available)
V  [jvm.dll+0x845d89]  (no source info available)
V  [jvm.dll+0x847af8]  (no source info available)
V  [jvm.dll+0x848183]  (no source info available)
V  [jvm.dll+0x24d0bf]  (no source info available)
V  [jvm.dll+0x841b67]  (no source info available)
V  [jvm.dll+0x6332eb]  (no source info available)
V  [jvm.dll+0x1c4cdd]  (no source info available)
V  [jvm.dll+0x635c72]  (no source info available)
V  [jvm.dll+0x633ca6]  (no source info available)
V  [jvm.dll+0x2414c0]  (no source info available)
V  [jvm.dll+0x63dcb5]  (no source info available)
V  [jvm.dll+0x1ee875]  (no source info available)
V  [jvm.dll+0x1eed85]  (no source info available)
V  [jvm.dll+0x1ef72c]  (no source info available)
V  [jvm.dll+0x1e5031]  (no source info available)
V  [jvm.dll+0x5520d9]  (no source info available)
V  [jvm.dll+0x7c02db]  (no source info available)
V  [jvm.dll+0x7c03d4]  (no source info available)
V  [jvm.dll+0x41dc84]  (no source info available)
V  [jvm.dll+0x4247b9]  (no source info available)
C  [java.dll+0x1818]  (no source info available)

Java frames: (J=compiled Java code, j=interpreted, Vv=VM code)
J 1253  java.lang.ClassLoader.defineClass1(Ljava/lang/ClassLoader;Ljava/lang/String;[BIILjava/security/ProtectionDomain;Ljava/lang/String;)Ljava/lang/Class; java.base@17.0.19 (0 bytes) @ 0x0000017379fe3103 [0x0000017379fe3040+0x00000000000000c3]
J 1339 c1 java.lang.ClassLoader.defineClass(Ljava/lang/String;[BIILjava/security/ProtectionDomain;)Ljava/lang/Class; java.base@17.0.19 (43 bytes) @ 0x000001737a00b95c [0x000001737a00b860+0x00000000000000fc]
J 1340 c1 jdk.internal.loader.BuiltinClassLoader.defineClass(Ljava/lang/String;Ljdk/internal/loader/Resource;)Ljava/lang/Class; java.base@17.0.19 (121 bytes) @ 0x000001737a00d6e4 [0x000001737a00d220+0x00000000000004c4]
J 1495 c1 jdk.internal.loader.BuiltinClassLoader.findClassOnClassPathOrNull(Ljava/lang/String;)Ljava/lang/Class; java.base@17.0.19 (64 bytes) @ 0x000001737a05065c [0x000001737a0503a0+0x00000000000002bc]
J 1187 c1 jdk.internal.loader.BuiltinClassLoader.loadClassOrNull(Ljava/lang/String;Z)Ljava/lang/Class; java.base@17.0.19 (143 bytes) @ 0x0000017379fcb814 [0x0000017379fcb3a0+0x0000000000000474]
J 1278 c1 jdk.internal.loader.ClassLoaders$AppClassLoader.loadClass(Ljava/lang/String;Z)Ljava/lang/Class; java.base@17.0.19 (40 bytes) @ 0x0000017379fee8c4 [0x0000017379fee780+0x0000000000000144]
J 1267 c1 java.lang.ClassLoader.loadClass(Ljava/lang/String;)Ljava/lang/Class; java.base@17.0.19 (7 bytes) @ 0x0000017379fea284 [0x0000017379fea240+0x0000000000000044]
v  ~StubRoutines::call_stub
j  org.glassfish.hk2.utilities.binding.AbstractBinder.bind(Ljava/lang/Class;)Lorg/glassfish/hk2/utilities/binding/ServiceBindingBuilder;+3
j  org.glassfish.jersey.inject.hk2.JerseyClassAnalyzer$Binder.configure()V+3
j  org.glassfish.hk2.utilities.binding.AbstractBinder.bind(Lorg/glassfish/hk2/api/DynamicConfiguration;)V+37
j  org.glassfish.hk2.utilities.binding.AbstractBinder.install([Lorg/glassfish/hk2/utilities/Binder;)V+23
j  org.glassfish.jersey.inject.hk2.Hk2BootstrapBinder.configure()V+68
j  org.glassfish.hk2.utilities.binding.AbstractBinder.bind(Lorg/glassfish/hk2/api/DynamicConfiguration;)V+37
j  org.glassfish.hk2.utilities.ServiceLocatorUtilities.bind(Lorg/glassfish/hk2/api/ServiceLocator;[Lorg/glassfish/hk2/utilities/Binder;)V+51
j  org.glassfish.jersey.inject.hk2.AbstractHk2InjectionManager.<init>(Ljava/lang/Object;)V+39
j  org.glassfish.jersey.inject.hk2.ImmediateHk2InjectionManager.<init>(Ljava/lang/Object;)V+2
j  org.glassfish.jersey.inject.hk2.Hk2InjectionManagerFactory$Hk2InjectionManagerStrategy$1.createInjectionManager(Ljava/lang/Object;)Lorg/glassfish/jersey/internal/inject/InjectionManager;+5
j  org.glassfish.jersey.inject.hk2.Hk2InjectionManagerFactory.create(Ljava/lang/Object;)Lorg/glassfish/jersey/internal/inject/InjectionManager;+5
j  org.glassfish.jersey.inject.hk2.Hk2InjectionManagerFactory.create(Ljava/lang/Object;Ljakarta/ws/rs/core/Configuration;)Lorg/glassfish/jersey/internal/inject/InjectionManager;+2
j  org.glassfish.jersey.internal.inject.Injections.createInjectionManager(Ljava/lang/Object;Ljakarta/ws/rs/core/Configuration;)Lorg/glassfish/jersey/internal/inject/InjectionManager;+11
j  org.glassfish.jersey.internal.inject.Injections.createInjectionManager(Ljava/lang/Object;)Lorg/glassfish/jersey/internal/inject/InjectionManager;+11
j  org.glassfish.jersey.server.ApplicationHandler.<init>(Ljakarta/ws/rs/core/Application;Lorg/glassfish/jersey/internal/inject/Binder;Ljava/lang/Object;)V+14
j  org.glassfish.jersey.servlet.WebComponent.<init>(Lorg/glassfish/jersey/servlet/WebConfig;Lorg/glassfish/jersey/server/ResourceConfig;)V+180
j  org.glassfish.jersey.servlet.ServletContainer.init(Lorg/glassfish/jersey/servlet/WebConfig;)V+10
j  org.glassfish.jersey.servlet.ServletContainer.init(Ljakarta/servlet/FilterConfig;)V+14
j  org.apache.catalina.core.ApplicationFilterConfig.initFilter()V+99
j  org.apache.catalina.core.ApplicationFilterConfig.<init>(Lorg/apache/catalina/Context;Lorg/apache/tomcat/util/descriptor/web/FilterDef;)V+67
j  org.apache.catalina.core.StandardContext.filterStart()Z+132
j  org.apache.catalina.core.StandardContext.startInternal()V+1177
j  org.apache.catalina.util.LifecycleBase.start()V+210
j  org.apache.catalina.core.ContainerBase$StartChild.call()Ljava/lang/Void;+4
j  org.apache.catalina.core.ContainerBase$StartChild.call()Ljava/lang/Object;+1
j  java.util.concurrent.FutureTask.run()V+39 java.base@17.0.19
j  org.apache.tomcat.util.threads.InlineExecutorService.execute(Ljava/lang/Runnable;)V+38
j  java.util.concurrent.AbstractExecutorService.submit(Ljava/util/concurrent/Callable;)Ljava/util/concurrent/Future;+20 java.base@17.0.19
j  org.apache.catalina.core.ContainerBase.startInternal()V+116
j  org.apache.catalina.core.StandardHost.startInternal()V+177
j  org.apache.catalina.util.LifecycleBase.start()V+210
j  org.apache.catalina.core.ContainerBase$StartChild.call()Ljava/lang/Void;+4
j  org.apache.catalina.core.ContainerBase$StartChild.call()Ljava/lang/Object;+1
j  java.util.concurrent.FutureTask.run()V+39 java.base@17.0.19
j  org.apache.tomcat.util.threads.InlineExecutorService.execute(Ljava/lang/Runnable;)V+38
j  java.util.concurrent.AbstractExecutorService.submit(Ljava/util/concurrent/Callable;)Ljava/util/concurrent/Future;+20 java.base@17.0.19
j  org.apache.catalina.core.ContainerBase.startInternal()V+116
j  org.apache.catalina.core.StandardEngine.startInternal()V+38
j  org.apache.catalina.util.LifecycleBase.start()V+210
j  org.apache.catalina.core.StandardService.startInternal()V+56
j  org.apache.catalina.util.LifecycleBase.start()V+210
j  org.apache.catalina.core.StandardServer.startInternal()V+84
j  org.apache.catalina.util.LifecycleBase.start()V+210
j  org.apache.catalina.startup.Tomcat.start()V+9
j  org.springframework.boot.tomcat.TomcatWebServer.initialize()V+55
j  org.springframework.boot.tomcat.TomcatWebServer.<init>(Lorg/apache/catalina/startup/Tomcat;ZLorg/springframework/boot/web/server/Shutdown;)V+66
j  org.springframework.boot.tomcat.servlet.TomcatServletWebServerFactory.getTomcatWebServer(Lorg/apache/catalina/startup/Tomcat;)Lorg/springframework/boot/tomcat/TomcatWebServer;+21
j  org.springframework.boot.tomcat.servlet.TomcatServletWebServerFactory.getWebServer([Lorg/springframework/boot/web/servlet/ServletContextInitializer;)Lorg/springframework/boot/web/server/WebServer;+16
j  org.springframework.boot.web.server.servlet.context.ServletWebServerApplicationContext.createWebServer()V+68
j  org.springframework.boot.web.server.servlet.context.ServletWebServerApplicationContext.onRefresh()V+5
j  org.springframework.context.support.AbstractApplicationContext.refresh()V+85
j  org.springframework.boot.web.server.servlet.context.ServletWebServerApplicationContext.refresh()V+1
j  org.springframework.boot.SpringApplication.refresh(Lorg/springframework/context/ConfigurableApplicationContext;)V+1
j  org.springframework.boot.SpringApplication.refreshContext(Lorg/springframework/context/ConfigurableApplicationContext;)V+19
j  org.springframework.boot.SpringApplication.run([Ljava/lang/String;)Lorg/springframework/context/ConfigurableApplicationContext;+113
j  org.springframework.boot.SpringApplication.run([Ljava/lang/Class;[Ljava/lang/String;)Lorg/springframework/context/ConfigurableApplicationContext;+9
j  org.springframework.boot.SpringApplication.run(Ljava/lang/Class;[Ljava/lang/String;)Lorg/springframework/context/ConfigurableApplicationContext;+9
j  com.zosh.SeatServiceApplication.main([Ljava/lang/String;)V+3
v  ~StubRoutines::call_stub
j  jdk.internal.reflect.NativeMethodAccessorImpl.invoke0(Ljava/lang/reflect/Method;Ljava/lang/Object;[Ljava/lang/Object;)Ljava/lang/Object;+0 java.base@17.0.19
j  jdk.internal.reflect.NativeMethodAccessorImpl.invoke(Ljava/lang/Object;[Ljava/lang/Object;)Ljava/lang/Object;+133 java.base@17.0.19
j  jdk.internal.reflect.DelegatingMethodAccessorImpl.invoke(Ljava/lang/Object;[Ljava/lang/Object;)Ljava/lang/Object;+6 java.base@17.0.19
j  java.lang.reflect.Method.invoke(Ljava/lang/Object;[Ljava/lang/Object;)Ljava/lang/Object;+59 java.base@17.0.19
j  org.springframework.boot.devtools.restart.RestartLauncher.run()V+47
v  ~StubRoutines::call_stub

Compiled method (n/a) 8902 1253     n 0       java.lang.ClassLoader::defineClass1 (native)
 total in heap  [0x0000017379fe2e90,0x0000017379fe3390] = 1280
 relocation     [0x0000017379fe2ff0,0x0000017379fe3028] = 56
 main code      [0x0000017379fe3040,0x0000017379fe3390] = 848

[Constant Pool (empty)]

[MachCode]
[Entry Point]
  # {method} {0x0000017308010f18} 'defineClass1' '(Ljava/lang/ClassLoader;Ljava/lang/String;[BIILjava/security/ProtectionDomain;Ljava/lang/String;)Ljava/lang/Class;' in 'java/lang/ClassLoader'
  # parm0:    rdx:rdx   = 'java/lang/ClassLoader'
  # parm1:    r8:r8     = 'java/lang/String'
  # parm2:    r9:r9     = '[B'
  # parm3:    rdi       = int
  # parm4:    rsi       = int
  # parm5:    rcx:rcx   = 'java/security/ProtectionDomain'
  # parm6:    [sp+0xa0]   = 'java/lang/String'  (sp of caller)
  0x0000017379fe3040: 448b 5208 | 49bb 0000 | 0008 7301 | 0000 4d03 | d349 3bc2 | 0f84 0600 

  0x0000017379fe3058: ;   {runtime_call ic_miss_stub}
  0x0000017379fe3058: 0000 e921 | e5c5 ff90 
[Verified Entry Point]
  0x0000017379fe3060: 8984 2400 | 90ff ff55 | 488b ec48 | 81ec 9000 | 0000 4881 | 7d10 0000 | 0000 488d | 4510 480f 
  0x0000017379fe3080: 4445 1048 | 8944 2440 | 4889 4c24 | 7048 83f9 | 0048 8d44 | 2470 480f | 4444 2470 | 4889 4424 
  0x0000017379fe30a0: 3848 8974 | 2430 4889 | 7c24 284c | 894c 2458 | 4983 f900 | 488d 4424 | 5848 0f44 | 4424 5848 
  0x0000017379fe30c0: 8944 2420 | 4c89 4424 | 5049 83f8 | 004c 8d4c | 2450 4c0f | 444c 2450 | 4889 5424 | 4848 83fa 
  0x0000017379fe30e0: 004c 8d44 | 2448 4c0f | 4444 2448 

  0x0000017379fe30ec: ;   {oop(a 'java/lang/Class'{0x00000000e09157a0} = 'java/lang/ClassLoader')}
  0x0000017379fe30ec: 49be a057 | 91e0 0000 | 0000 4c89 | 7424 784c | 8d74 2478 | 498b d6c5 

  0x0000017379fe3104: ;   {internal_word}
  0x0000017379fe3104: f877 49ba | 0331 fe79 | 7301 0000 | 4d89 97a8 | 0200 0049 | 89a7 a002 

  0x0000017379fe311c: ;   {external_word}
  0x0000017379fe311c: 0000 49ba | dbb8 10b6 | fc7f 0000 | 4180 3a00 | 0f84 5200 | 0000 5241 

  0x0000017379fe3134: ;   {metadata({method} {0x0000017308010f18} 'defineClass1' '(Ljava/lang/ClassLoader;Ljava/lang/String;[BIILjava/security/ProtectionDomain;Ljava/lang/String;)Ljava/lang/Class;' in 'java/lang/ClassLoader')}
  0x0000017379fe3134: 5041 5148 | ba10 0f01 | 0873 0100 | 0049 8bcf | 4883 ec20 | f7c4 0f00 | 0000 0f84 | 1a00 0000 
  0x0000017379fe3154: 4883 ec08 

  0x0000017379fe3158: ;   {runtime_call}
  0x0000017379fe3158: 49ba e059 | c6b5 fc7f | 0000 41ff | d248 83c4 | 08e9 0d00 

  0x0000017379fe316c: ;   {runtime_call}
  0x0000017379fe316c: 0000 49ba | e059 c6b5 | fc7f 0000 | 41ff d248 | 83c4 2041 | 5941 585a | 498d 8fc0 | 0200 0041 
  0x0000017379fe318c: c787 4803 | 0000 0400 

  0x0000017379fe3194: ;   {runtime_call}
  0x0000017379fe3194: 0000 49ba | d016 9304 | fd7f 0000 | 41ff d2c5 | f877 41c7 | 8748 0300 | 0005 0000 | 00f0 8344 
  0x0000017379fe31b4: 24c0 0049 | 3baf 5003 | 0000 0f87 | 1100 0000 | 4181 bf38 | 0300 0000 | 0000 000f | 842c 0000 
  0x0000017379fe31d4: 00c5 f877 | 4889 45f8 | 498b cf4c | 8be4 4883 | ec20 4883 

  0x0000017379fe31e8: ;   {runtime_call}
  0x0000017379fe31e8: e4f0 49ba | 8067 d6b5 | fc7f 0000 | 41ff d249 | 8be4 4d33 | e448 8b45 | f841 c787 | 4803 0000 
  0x0000017379fe3208: 0800 0000 | 4181 bfb8 | 0300 0002 | 0000 000f | 843f 0100 

  0x0000017379fe321c: ;   {external_word}
  0x0000017379fe321c: 0049 badb | b810 b6fc | 7f00 0041 | 803a 000f | 8450 0000 | 0048 8945 

  0x0000017379fe3234: ;   {metadata({method} {0x0000017308010f18} 'defineClass1' '(Ljava/lang/ClassLoader;Ljava/lang/String;[BIILjava/security/ProtectionDomain;Ljava/lang/String;)Ljava/lang/Class;' in 'java/lang/ClassLoader')}
  0x0000017379fe3234: f848 ba10 | 0f01 0873 | 0100 0049 | 8bcf 4883 | ec20 f7c4 | 0f00 0000 | 0f84 1a00 | 0000 4883 
  0x0000017379fe3254: ;   {runtime_call}
  0x0000017379fe3254: ec08 49ba | e059 c6b5 | fc7f 0000 | 41ff d248 | 83c4 08e9 | 0d00 0000 

  0x0000017379fe326c: ;   {runtime_call}
  0x0000017379fe326c: 49ba e059 | c6b5 fc7f | 0000 41ff | d248 83c4 | 2048 8b45 | f849 c787 | a002 0000 | 0000 0000 
  0x0000017379fe328c: 49c7 87a8 | 0200 0000 | 0000 00c5 | f877 4885 | c00f 8493 | 0000 0048 | f7c0 0100 | 0000 0f84 
  0x0000017379fe32ac: 8300 0000 | 488b 40ff | 4180 7f38 | 000f 846f | 0000 0048 | 83f8 000f | 8465 0000 | 0049 8b4f 
  0x0000017379fe32cc: 2048 83f9 | 000f 8414 | 0000 0048 | 83e9 0849 | 894f 2049 | 034f 3048 | 8901 e943 | 0000 0050 
  0x0000017379fe32ec: 498b d748 | 8bc8 4883 | ec20 f7c4 | 0f00 0000 | 0f84 1a00 | 0000 4883 

  0x0000017379fe3304: ;   {runtime_call}
  0x0000017379fe3304: ec08 49ba | 10d1 84b5 | fc7f 0000 | 41ff d248 | 83c4 08e9 | 0d00 0000 

  0x0000017379fe331c: ;   {runtime_call}
  0x0000017379fe331c: 49ba 10d1 | 84b5 fc7f | 0000 41ff | d248 83c4 | 2058 e903 | 0000 0048 | 8b00 498b | 8fd8 0000 
  0x0000017379fe333c: 00c7 8100 | 0100 0000 | 0000 00c9 | 4981 7f08 | 0000 0000 | 0f85 0100 

  0x0000017379fe3354: ;   {runtime_call StubRoutines (1)}
  0x0000017379fe3354: 0000 c3e9 | a4db c0ff | c5f8 7748 | 8945 f84c | 8be4 4883 | ec20 4883 

  0x0000017379fe336c: ;   {runtime_call}
  0x0000017379fe336c: e4f0 49ba | a08a c6b5 | fc7f 0000 | 41ff d249 | 8be4 4d33 | e448 8b45 | f8e9 93fe | ffff f4f4 
  0x0000017379fe338c: f4f4 f4f4 
[/MachCode]


Compiled method (c1) 8912 1339       1       java.lang.ClassLoader::defineClass (43 bytes)
 total in heap  [0x000001737a00b690,0x000001737a00bc30] = 1440
 relocation     [0x000001737a00b7f0,0x000001737a00b850] = 96
 main code      [0x000001737a00b860,0x000001737a00ba00] = 416
 stub code      [0x000001737a00ba00,0x000001737a00ba78] = 120
 metadata       [0x000001737a00ba78,0x000001737a00baa8] = 48
 scopes data    [0x000001737a00baa8,0x000001737a00bb60] = 184
 scopes pcs     [0x000001737a00bb60,0x000001737a00bc00] = 160
 dependencies   [0x000001737a00bc00,0x000001737a00bc08] = 8
 nul chk table  [0x000001737a00bc08,0x000001737a00bc30] = 40

[Constant Pool (empty)]

[MachCode]
[Entry Point]
  # {method} {0x0000017308010cb0} 'defineClass' '(Ljava/lang/String;[BIILjava/security/ProtectionDomain;)Ljava/lang/Class;' in 'java/lang/ClassLoader'
  # this:     rdx:rdx   = 'java/lang/ClassLoader'
  # parm0:    r8:r8     = 'java/lang/String'
  # parm1:    r9:r9     = '[B'
  # parm2:    rdi       = int
  # parm3:    rsi       = int
  # parm4:    rcx:rcx   = 'java/security/ProtectionDomain'
  #           [sp+0xc0]  (sp of caller)
  0x000001737a00b860: 448b 5208 | 49bb 0000 | 0008 7301 | 0000 4d03 | d34c 3bd0 

  0x000001737a00b874: ;   {runtime_call ic_miss_stub}
  0x000001737a00b874: 0f85 065d | c3ff 660f | 1f44 0000 
[Verified Entry Point]
  0x000001737a00b880: 8984 2400 | 90ff ff55 | 4881 ecb0 | 0000 0048 | 8954 2478 | 89b4 2494 | 0000 0089 | bc24 9000 
  0x000001737a00b8a0: 0000 4c89 | 8c24 8800 | 0000 498b | d84c 8bc3 | 4c8b c948 | 8bca 488b | d148 899c | 2480 0000 
  0x000001737a00b8c0: 0066 0f1f 

  0x000001737a00b8c4: ;   {optimized virtual_call}
  0x000001737a00b8c4: 4400 00e8 

  0x000001737a00b8c8: ; ImmutableOopMap {[120]=Oop [136]=Oop [128]=Oop }
                      ;*invokevirtual preDefineClass {reexecute=0 rethrow=0 return_oop=0}
                      ; - java.lang.ClassLoader::defineClass@4 (line 1015)
  0x000001737a00b8c8: 1476 0400 | 4889 8424 | 9800 0000 

  0x000001737a00b8d4: ; implicit exception: dispatches to 0x000001737a00b99a
  0x000001737a00b8d4: 448b 4010 | 4983 f800 | 0f85 0f00 

  0x000001737a00b8e0: ;   {oop(NULL)}
  0x000001737a00b8e0: 0000 48bb | 0000 0000 | 0000 0000 | e936 0000 | 0045 8b40 | 0c49 83f8 | 000f 850f 

  0x000001737a00b8fc: ;   {oop(NULL)}
  0x000001737a00b8fc: 0000 0048 | bb00 0000 | 0000 0000 | 00e9 1900 | 0000 418b | 5038 483b 

  0x000001737a00b914: ;   {optimized virtual_call}
  0x000001737a00b914: 0266 90e8 

  0x000001737a00b918: ; ImmutableOopMap {[120]=Oop [136]=Oop [128]=Oop [152]=Oop }
                      ;*invokevirtual toExternalForm {reexecute=0 rethrow=0 return_oop=0}
                      ; - java.net.URL::toExternalForm@5 (line 1039)
                      ; - java.net.URL::toString@1 (line 1025)
                      ; - java.lang.ClassLoader::defineClassSourceLocation@22 (line 917)
                      ; - java.lang.ClassLoader::defineClass@12 (line 1016)
  0x000001737a00b918: 846c faff | 488b d848 | 8b84 2498 | 0000 008b | b424 9400 | 0000 8bbc | 2490 0000 | 004c 8b8c 
  0x000001737a00b938: 2488 0000 | 004c 8b84 | 2480 0000 | 0048 8b54 | 2478 4c8b | da49 8bd3 | 488b c848 

  0x000001737a00b954: ;   {static_call}
  0x000001737a00b954: 891c 24e8 

  0x000001737a00b958: ; ImmutableOopMap {[152]=Oop [120]=Oop }
                      ;*invokestatic defineClass1 {reexecute=0 rethrow=0 return_oop=0}
                      ; - java.lang.ClassLoader::defineClass@27 (line 1017)
  0x000001737a00b958: 0477 fdff | 4c8b c04c | 8b8c 2498 | 0000 0048 | 8b54 2478 | 4889 8424 | a000 0000 

  0x000001737a00b974: ;   {optimized virtual_call}
  0x000001737a00b974: 6666 90e8 

  0x000001737a00b978: ; ImmutableOopMap {[160]=Oop }
                      ;*invokevirtual postDefineClass {reexecute=0 rethrow=0 return_oop=0}
                      ; - java.lang.ClassLoader::defineClass@37 (line 1018)
  0x000001737a00b978: 8484 0400 | 488b 8424 | a000 0000 | 4881 c4b0 | 0000 005d 

  0x000001737a00b98c: ;   {poll_return}
  0x000001737a00b98c: 493b a750 | 0300 000f | 8715 0000 

  0x000001737a00b998: ;   {runtime_call throw_null_pointer_exception Runtime1 stub}
  0x000001737a00b998: 00c3 e881 

  0x000001737a00b99c: ; ImmutableOopMap {[120]=Oop [136]=Oop [128]=Oop rax=Oop [152]=Oop }
                      ;*invokevirtual getCodeSource {reexecute=0 rethrow=0 return_oop=0}
                      ; - java.lang.ClassLoader::defineClassSourceLocation@1 (line 914)
                      ; - java.lang.ClassLoader::defineClass@12 (line 1016)
                      ;   {runtime_call throw_null_pointer_exception Runtime1 stub}
  0x000001737a00b99c: 70cd ffe8 

  0x000001737a00b9a0: ; ImmutableOopMap {[120]=Oop [136]=Oop [128]=Oop rax=Oop [152]=Oop }
                      ;*invokevirtual getLocation {reexecute=0 rethrow=0 return_oop=0}
                      ; - java.lang.ClassLoader::defineClassSourceLocation@12 (line 916)
                      ; - java.lang.ClassLoader::defineClass@12 (line 1016)
  0x000001737a00b9a0: 7c70 cdff 

  0x000001737a00b9a4: ;   {runtime_call throw_null_pointer_exception Runtime1 stub}
  0x000001737a00b9a4: e877 70cd 

  0x000001737a00b9a8: ; ImmutableOopMap {[120]=Oop [136]=Oop [128]=Oop [152]=Oop r8=Oop }
                      ;*invokevirtual toString {reexecute=0 rethrow=0 return_oop=0}
                      ; - java.lang.ClassLoader::defineClassSourceLocation@22 (line 917)
                      ; - java.lang.ClassLoader::defineClass@12 (line 1016)
                      ;   {runtime_call throw_null_pointer_exception Runtime1 stub}
  0x000001737a00b9a8: ffe8 7270 

  0x000001737a00b9ac: ; ImmutableOopMap {[120]=Oop [136]=Oop [128]=Oop [152]=Oop r8=Oop rdx=Oop }
                      ;*invokevirtual toExternalForm {reexecute=0 rethrow=0 return_oop=0}
                      ; - java.net.URL::toExternalForm@5 (line 1039)
                      ; - java.net.URL::toString@1 (line 1025)
                      ; - java.lang.ClassLoader::defineClassSourceLocation@22 (line 917)
                      ; - java.lang.ClassLoader::defineClass@12 (line 1016)
                      ;   {internal_word}
  0x000001737a00b9ac: cdff 49ba | 8cb9 007a | 7301 0000 | 4d89 9768 

  0x000001737a00b9bc: ;   {runtime_call SafepointBlob}
  0x000001737a00b9bc: 0300 00e9 | bcd5 c3ff | 9090 498b | 87e0 0300 | 0049 c787 | e003 0000 | 0000 0000 | 49c7 87e8 
  0x000001737a00b9dc: 0300 0000 | 0000 0048 | 81c4 b000 

  0x000001737a00b9e8: ;   {runtime_call unwind_exception Runtime1 stub}
  0x000001737a00b9e8: 0000 5de9 | 1061 cdff | f4f4 f4f4 | f4f4 f4f4 | f4f4 f4f4 | f4f4 f4f4 
[Stub Code]
  0x000001737a00ba00: ;   {no_reloc}
  0x000001737a00ba00: 0f1f 4400 

  0x000001737a00ba04: ;   {static_stub}
  0x000001737a00ba04: 0048 bb60 | 0e01 0873 

  0x000001737a00ba0c: ;   {runtime_call I2C/C2I adapters}
  0x000001737a00ba0c: 0100 00e9 | 4de4 c3ff 

  0x000001737a00ba14: ;   {static_stub}
  0x000001737a00ba14: 9048 bb00 | 0000 0000 

  0x000001737a00ba1c: ;   {runtime_call}
  0x000001737a00ba1c: 0000 00e9 | fbff ffff 

  0x000001737a00ba24: ;   {static_stub}
  0x000001737a00ba24: 9048 bb00 | 0000 0000 

  0x000001737a00ba2c: ;   {runtime_call}
  0x000001737a00ba2c: 0000 00e9 | fbff ffff 

  0x000001737a00ba34: ;   {static_stub}
  0x000001737a00ba34: 9048 bb78 | 0f01 0873 

  0x000001737a00ba3c: ;   {runtime_call I2C/C2I adapters}
  0x000001737a00ba3c: 0100 00e9 | 1de4 c3ff 
[Exception Handler]
  0x000001737a00ba44: ;   {runtime_call handle_exception_from_callee Runtime1 stub}
  0x000001737a00ba44: e8b7 95cd 

  0x000001737a00ba48: ;   {external_word}
  0x000001737a00ba48: ff48 b950 | baea b5fc | 7f00 0048 

  0x000001737a00ba54: ;   {runtime_call}
  0x000001737a00ba54: 83e4 f049 | ba00 34b3 | b5fc 7f00 | 0041 ffd2 

  0x000001737a00ba64: ;   {section_word}
  0x000001737a00ba64: f449 ba65 | ba00 7a73 | 0100 0041 

  0x000001737a00ba70: ;   {runtime_call DeoptimizationBlob}
  0x000001737a00ba70: 52e9 aae9 | c3ff f4f4 
[/MachCode]


Compiled method (c1) 8916 1340       1       jdk.internal.loader.BuiltinClassLoader::defineClass (121 bytes)
 total in heap  [0x000001737a00cf90,0x000001737a00de08] = 3704
 relocation     [0x000001737a00d0f0,0x000001737a00d220] = 304
 main code      [0x000001737a00d220,0x000001737a00d840] = 1568
 stub code      [0x000001737a00d840,0x000001737a00d988] = 328
 metadata       [0x000001737a00d988,0x000001737a00d9d0] = 72
 scopes data    [0x000001737a00d9d0,0x000001737a00dc28] = 600
 scopes pcs     [0x000001737a00dc28,0x000001737a00ddc8] = 416
 dependencies   [0x000001737a00ddc8,0x000001737a00ddd0] = 8
 handler table  [0x000001737a00ddd0,0x000001737a00dde8] = 24
 nul chk table  [0x000001737a00dde8,0x000001737a00de08] = 32

[Constant Pool (empty)]

[MachCode]
[Entry Point]
  # {method} {0x00000173084368e0} 'defineClass' '(Ljava/lang/String;Ljdk/internal/loader/Resource;)Ljava/lang/Class;' in 'jdk/internal/loader/BuiltinClassLoader'
  # this:     rdx:rdx   = 'jdk/internal/loader/BuiltinClassLoader'
  # parm0:    r8:r8     = 'java/lang/String'
  # parm1:    r9:r9     = 'jdk/internal/loader/Resource'
  #           [sp+0x110]  (sp of caller)
  0x000001737a00d220: 448b 5208 | 49bb 0000 | 0008 7301 | 0000 4d03 | d34c 3bd0 

  0x000001737a00d234: ;   {runtime_call ic_miss_stub}
  0x000001737a00d234: 0f85 4643 | c3ff 660f | 1f44 0000 
[Verified Entry Point]
  0x000001737a00d240: 8984 2400 | 90ff ff55 | 4881 ec00 | 0100 0048 | 8994 24a0 | 0000 004c | 8984 2490 | 0000 004c 
  0x000001737a00d260: 898c 2498 | 0000 0049 | 8bd1 6666 | 9048 b8c0 | 5b19 0873 

  0x000001737a00d274: ;   {virtual_call}
  0x000001737a00d274: 0100 00e8 

  0x000001737a00d278: ; ImmutableOopMap {[152]=Oop [160]=Oop [144]=Oop }
                      ;*invokevirtual getCodeSourceURL {reexecute=0 rethrow=0 return_oop=0}
                      ; - jdk.internal.loader.BuiltinClassLoader::defineClass@1 (line 842)
  0x000001737a00d278: a41a 0000 | 4889 8424 | a800 0000 | 4c8b 8424 | 9000 0000 

  0x000001737a00d28c: ; implicit exception: dispatches to 0x000001737a00d743
  0x000001737a00d28c: 418b 7014 

  0x000001737a00d290: ; implicit exception: dispatches to 0x000001737a00d748
  0x000001737a00d290: 8b56 0c45 | 0fbe 4810 | 498b c9c1 | e118 c1f9 | 18d3 fa48 | 8bfa ffcf | 4183 f900 | ba00 0000 
  0x000001737a00d2b0: 000f 8505 | 0000 00ba | 0100 0000 | 83e2 0183 | fa00 488b | d641 b82e | 0000 004c | 8bcf 0f84 
  0x000001737a00d2d0: 0d00 0000 

  0x000001737a00d2d4: ;   {static_call}
  0x000001737a00d2d4: 6666 90e8 

  0x000001737a00d2d8: ; ImmutableOopMap {[152]=Oop [160]=Oop [168]=Oop [144]=Oop }
                      ;*invokestatic lastIndexOf {reexecute=0 rethrow=0 return_oop=0}
                      ; - java.lang.String::lastIndexOf@13 (line 2489)
                      ; - java.lang.String::lastIndexOf@8 (line 2451)
                      ; - jdk.internal.loader.BuiltinClassLoader::defineClass@8 (line 845)
  0x000001737a00d2d8: e4c0 ceff | e90b 0000 | 0066 0f1f 

  0x000001737a00d2e4: ;   {static_call}
  0x000001737a00d2e4: 4400 00e8 

  0x000001737a00d2e8: ; ImmutableOopMap {[152]=Oop [160]=Oop [168]=Oop [144]=Oop }
                      ;*invokestatic lastIndexOf {reexecute=0 rethrow=0 return_oop=0}
                      ; - java.lang.String::lastIndexOf@25 (line 2490)
                      ; - java.lang.String::lastIndexOf@8 (line 2451)
                      ; - jdk.internal.loader.BuiltinClassLoader::defineClass@8 (line 845)
  0x000001737a00d2e8: 1453 c3ff | 83f8 ff0f | 8467 0000 | 0041 b800 | 0000 004c | 8bc8 488b | 9424 9000 

  0x000001737a00d304: ;   {optimized virtual_call}
  0x000001737a00d304: 0000 90e8 

  0x000001737a00d308: ; ImmutableOopMap {[152]=Oop [160]=Oop [168]=Oop [144]=Oop }
                      ;*invokevirtual substring {reexecute=0 rethrow=0 return_oop=0}
                      ; - jdk.internal.loader.BuiltinClassLoader::defineClass@23 (line 847)
  0x000001737a00d308: f44e e3ff | 488b 9424 | 9800 0000 | 4889 8424 | b000 0000 | 9048 b8c0 | 5b19 0873 

  0x000001737a00d324: ;   {virtual_call}
  0x000001737a00d324: 0100 00e8 

  0x000001737a00d328: ; ImmutableOopMap {[152]=Oop [160]=Oop [168]=Oop [144]=Oop [176]=Oop }
                      ;*invokevirtual getManifest {reexecute=0 rethrow=0 return_oop=0}
                      ; - jdk.internal.loader.BuiltinClassLoader::defineClass@29 (line 848)
  0x000001737a00d328: 5436 0000 | 4c8b 8424 | b000 0000 | 4c8b c848 | 8bbc 24a8 | 0000 0048 | 8b94 24a0 | 0000 0066 
  0x000001737a00d348: 0f1f 4400 | 0048 b878 | b707 0873 

  0x000001737a00d354: ;   {virtual_call}
  0x000001737a00d354: 0100 00e8 

  0x000001737a00d358: ; ImmutableOopMap {[152]=Oop [160]=Oop [168]=Oop [144]=Oop }
                      ;*invokevirtual defineOrCheckPackage {reexecute=0 rethrow=0 return_oop=0}
                      ; - jdk.internal.loader.BuiltinClassLoader::defineClass@40 (line 849)
  0x000001737a00d358: c4ea ffff | 4c8b 8c24 | 9800 0000 | 488d 9424 | e000 0000 | 4c89 4a08 | 498b 0148 | 83c8 0148 
  0x000001737a00d378: 8902 f049 | 0fb1 110f | 8413 0000 | 0048 2bc4 | 4881 e007 | f0ff ff48 | 8902 0f85 | b503 0000 
  0x000001737a00d398: 418b 510c | 4883 fa00 | 0f85 4700 | 0000 498b | d10f 1f40 | 0048 b8c0 | 5b19 0873 

  0x000001737a00d3b4: ;   {virtual_call}
  0x000001737a00d3b4: 0100 00e8 

  0x000001737a00d3b8: ; ImmutableOopMap {[160]=Oop [168]=Oop [144]=Oop [152]=Oop [232]=Oop }
                      ;*invokevirtual getInputStream {reexecute=0 rethrow=0 return_oop=0}
                      ; - jdk.internal.loader.Resource::cachedInputStream@9 (line 77)
                      ; - jdk.internal.loader.Resource::getByteBuffer@1 (line 163)
                      ; - jdk.internal.loader.BuiltinClassLoader::defineClass@45 (line 853)
  0x000001737a00d3b8: 0491 0400 | 410f be57 | 3883 fa00 | 4c8b 8c24 | 9800 0000 | 0f85 8e03 | 0000 4c8b | d045 8951 
  0x000001737a00d3d8: 0c49 8bd1 | 4833 d048 | c1ea 1448 | 83fa 000f | 858f 0300 | 0041 8b51 | 0c48 8d84 | 24e0 0000 
  0x000001737a00d3f8: 0048 8b30 | 4885 f60f | 840f 0000 | 0048 8b78 | 08f0 480f | b137 0f85 | 8003 0000 | 4883 fa00 
  0x000001737a00d418: 0f84 4400 

  0x000001737a00d41c: ;   {metadata('sun/nio/ByteBuffered')}
  0x000001737a00d41c: 0000 48b8 | e0ba 0d08 | 7301 0000 | 8b5a 0849 | ba00 0000 | 0873 0100 | 0049 03da | 483b 4320 
  0x000001737a00d43c: 0f84 2500 | 0000 483b | d80f 841c | 0000 0053 

  0x000001737a00d44c: ;   {runtime_call slow_subtype_check Runtime1 stub}
  0x000001737a00d44c: 50e8 ae87 | cdff 5b5b | 83fb 000f | 8405 0000 | 00e9 0500 | 0000 4833 | f6eb 0a48 | be01 0000 
  0x000001737a00d46c: 0000 0000 | 0083 fe00 | 0f84 6700 | 0000 4883 | fa00 0f84 | 4400 0000 

  0x000001737a00d484: ;   {metadata('sun/nio/ByteBuffered')}
  0x000001737a00d484: 48bb e0ba | 0d08 7301 | 0000 8b7a | 0849 ba00 | 0000 0873 | 0100 0049 | 03fa 483b | 5f20 0f84 
  0x000001737a00d4a4: 2000 0000 | 483b fb0f | 8417 0000 

  0x000001737a00d4b0: ;   {runtime_call slow_subtype_check Runtime1 stub}
  0x000001737a00d4b0: 0057 53e8 | 4887 cdff | 5f5f 83ff | 000f 84e7 | 0200 00e9 | 0000 0000 | 0f1f 4400 | 0048 b8ff 
  0x000001737a00d4d0: ffff ffff 

  0x000001737a00d4d4: ;   {virtual_call}
  0x000001737a00d4d4: ffff ffe8 

  0x000001737a00d4d8: ; ImmutableOopMap {[160]=Oop [168]=Oop [144]=Oop [152]=Oop }
                      ;*invokeinterface getByteBuffer {reexecute=0 rethrow=0 return_oop=0}
                      ; - jdk.internal.loader.Resource::getByteBuffer@16 (line 165)
                      ; - jdk.internal.loader.BuiltinClassLoader::defineClass@45 (line 853)
  0x000001737a00d4d8: a44b c3ff | e90a 0000 

  0x000001737a00d4e0: ;   {oop(NULL)}
  0x000001737a00d4e0: 0048 b800 | 0000 0000 | 0000 0048 | 83f8 000f | 84e5 0000 | 0048 8984 | 24b8 0000 | 0048 8b94 
  0x000001737a00d500: 2498 0000 | 0048 b8ff | ffff ffff 

  0x000001737a00d50c: ;   {virtual_call}
  0x000001737a00d50c: ffff ffe8 

  0x000001737a00d510: ; ImmutableOopMap {[160]=Oop [168]=Oop [144]=Oop [184]=Oop }
                      ;*invokevirtual getCodeSigners {reexecute=0 rethrow=0 return_oop=0}
                      ; - jdk.internal.loader.BuiltinClassLoader::defineClass@56 (line 855)
  0x000001737a00d510: 6c4b c3ff 

  0x000001737a00d514: ;   {metadata('java/security/CodeSource')}
  0x000001737a00d514: 4c8b c848 | baa0 ee00 | 0873 0100 | 0049 8b87 | 0801 0000 | 488d 7828 | 493b bf18 | 0100 000f 
  0x000001737a00d534: 877a 0200 | 0049 89bf | 0801 0000 | 48c7 0001 | 0000 0048 | 8bca 49ba | 0000 0008 | 7301 0000 
  0x000001737a00d554: 492b ca89 | 4808 4833 | c989 480c | 4833 c948 | 8948 1048 | 8948 1848 | 8948 204c | 8b84 24a8 
  0x000001737a00d574: 0000 0048 | 8bd0 4889 | 8424 c000 | 0000 0f1f 

  0x000001737a00d584: ;   {optimized virtual_call}
  0x000001737a00d584: 4400 00e8 

  0x000001737a00d588: ; ImmutableOopMap {[160]=Oop [144]=Oop [184]=Oop [192]=Oop }
                      ;*invokespecial <init> {reexecute=0 rethrow=0 return_oop=0}
                      ; - jdk.internal.loader.BuiltinClassLoader::defineClass@68 (line 856)
  0x000001737a00d588: 7445 c3ff | 4c8b 8424 | c000 0000 | 488b 9424 | a000 0000 

  0x000001737a00d59c: ;   {optimized virtual_call}
  0x000001737a00d59c: 6666 90e8 

  0x000001737a00d5a0: ; ImmutableOopMap {[160]=Oop [144]=Oop [184]=Oop }
                      ;*invokevirtual getProtectionDomain {reexecute=0 rethrow=0 return_oop=0}
                      ; - java.security.SecureClassLoader::defineClass@5 (line 182)
                      ; - jdk.internal.loader.BuiltinClassLoader::defineClass@79 (line 857)
  0x000001737a00d5a0: 5c45 c3ff | 4c8b 8424 | 9000 0000 | 4c8b 8c24 | b800 0000 | 488b f848 | 8b94 24a0 

  0x000001737a00d5bc: ;   {optimized virtual_call}
  0x000001737a00d5bc: 0000 00e8 

  0x000001737a00d5c0: ; ImmutableOopMap {}
                      ;*invokevirtual defineClass {reexecute=0 rethrow=0 return_oop=0}
                      ; - java.security.SecureClassLoader::defineClass@8 (line 182)
                      ; - jdk.internal.loader.BuiltinClassLoader::defineClass@79 (line 857)
  0x000001737a00d5c0: 3c45 c3ff | 4881 c400 | 0100 005d 

  0x000001737a00d5cc: ;   {poll_return}
  0x000001737a00d5cc: 493b a750 | 0300 000f | 87e7 0100 | 00c3 4c8b | 8c24 9800 | 0000 498b | d148 b8c0 | 5b19 0873 
  0x000001737a00d5ec: ;   {virtual_call}
  0x000001737a00d5ec: 0100 00e8 

  0x000001737a00d5f0: ; ImmutableOopMap {[160]=Oop [144]=Oop [152]=Oop [168]=Oop }
                      ;*invokevirtual getBytes {reexecute=0 rethrow=0 return_oop=0}
                      ; - jdk.internal.loader.BuiltinClassLoader::defineClass@84 (line 859)
  0x000001737a00d5f0: eca8 0400 | 4889 8424 | c800 0000 | 488b 9424 | 9800 0000 | 9048 b8c0 | 5b19 0873 

  0x000001737a00d60c: ;   {virtual_call}
  0x000001737a00d60c: 0100 00e8 

  0x000001737a00d610: ; ImmutableOopMap {[160]=Oop [144]=Oop [168]=Oop [200]=Oop }
                      ;*invokevirtual getCodeSigners {reexecute=0 rethrow=0 return_oop=0}
                      ; - jdk.internal.loader.BuiltinClassLoader::defineClass@90 (line 860)
  0x000001737a00d610: acae 0400 

  0x000001737a00d614: ;   {metadata('java/security/CodeSource')}
  0x000001737a00d614: 4c8b c848 | baa0 ee00 | 0873 0100 | 0049 8b87 | 0801 0000 | 488d 7828 | 493b bf18 | 0100 000f 
  0x000001737a00d634: 879d 0100 | 0049 89bf | 0801 0000 | 48c7 0001 | 0000 0048 | 8bca 49ba | 0000 0008 | 7301 0000 
  0x000001737a00d654: 492b ca89 | 4808 4833 | c989 480c | 4833 c948 | 8948 1048 | 8948 1848 | 8948 204c | 8b84 24a8 
  0x000001737a00d674: 0000 0048 | 8bd0 4889 | 8424 d000 | 0000 0f1f 

  0x000001737a00d684: ;   {optimized virtual_call}
  0x000001737a00d684: 4400 00e8 

  0x000001737a00d688: ; ImmutableOopMap {[160]=Oop [144]=Oop [200]=Oop [208]=Oop }
                      ;*invokespecial <init> {reexecute=0 rethrow=0 return_oop=0}
                      ; - jdk.internal.loader.BuiltinClassLoader::defineClass@102 (line 861)
  0x000001737a00d688: 74d8 ffff | 488b 8424 | c800 0000 

  0x000001737a00d694: ; implicit exception: dispatches to 0x000001737a00d7e3
  0x000001737a00d694: 8b70 0c4c | 8b84 24d0 | 0000 0048 | 8b94 24a0 | 0000 0089 | b424 d800 

  0x000001737a00d6ac: ;   {optimized virtual_call}
  0x000001737a00d6ac: 0000 90e8 

  0x000001737a00d6b0: ; ImmutableOopMap {[160]=Oop [144]=Oop [200]=Oop }
                      ;*invokevirtual getProtectionDomain {reexecute=0 rethrow=0 return_oop=0}
                      ; - java.security.SecureClassLoader::defineClass@9 (line 150)
                      ; - jdk.internal.loader.BuiltinClassLoader::defineClass@117 (line 862)
  0x000001737a00d6b0: 4c41 0400 | 4c8b 8424 | 9000 0000 | 4c8b 8c24 | c800 0000 | bf00 0000 | 008b b424 | d800 0000 
  0x000001737a00d6d0: 488b c848 | 8b94 24a0 | 0000 000f 

  0x000001737a00d6dc: ;   {optimized virtual_call}
  0x000001737a00d6dc: 1f40 00e8 

  0x000001737a00d6e0: ; ImmutableOopMap {}
                      ;*invokevirtual defineClass {reexecute=0 rethrow=0 return_oop=0}
                      ; - java.security.SecureClassLoader::defineClass@12 (line 150)
                      ; - jdk.internal.loader.BuiltinClassLoader::defineClass@117 (line 862)
  0x000001737a00d6e0: 9ce1 ffff | 4881 c400 | 0100 005d 

  0x000001737a00d6ec: ;   {poll_return}
  0x000001737a00d6ec: 493b a750 | 0300 000f | 87ef 0000 | 00c3 498b | 87e0 0300 | 004d 33d2 | 4d89 97e0 | 0300 004d 
  0x000001737a00d70c: 33d2 4d89 | 97e8 0300 | 0048 8bf0 | 488d 8424 | e000 0000 | 488b 3848 | 85ff 0f84 | 0f00 0000 
  0x000001737a00d72c: 488b 5808 | f048 0fb1 | 3b0f 85c3 | 0000 0048 | 8bc6 e9f0 

  0x000001737a00d740: ;   {runtime_call throw_null_pointer_exception Runtime1 stub}
  0x000001737a00d740: 0000 00e8 

  0x000001737a00d744: ; ImmutableOopMap {[152]=Oop [160]=Oop rax=Oop [168]=Oop r8=Oop [144]=Oop }
                      ;*invokevirtual lastIndexOf {reexecute=0 rethrow=0 return_oop=0}
                      ; - jdk.internal.loader.BuiltinClassLoader::defineClass@8 (line 845)
  0x000001737a00d744: d852 cdff 

  0x000001737a00d748: ;   {runtime_call throw_null_pointer_exception Runtime1 stub}
  0x000001737a00d748: e8d3 52cd 

  0x000001737a00d74c: ; ImmutableOopMap {[152]=Oop [160]=Oop rax=Oop [168]=Oop r8=Oop [144]=Oop rsi=Oop }
                      ;*arraylength {reexecute=0 rethrow=0 return_oop=0}
                      ; - java.lang.String::length@4 (line 1481)
                      ; - java.lang.String::lastIndexOf@3 (line 2451)
                      ; - jdk.internal.loader.BuiltinClassLoader::defineClass@8 (line 845)
  0x000001737a00d74c: ff4c 894c | 2408 4889 

  0x000001737a00d754: ;   {runtime_call monitorenter_nofpu Runtime1 stub}
  0x000001737a00d754: 1424 e825 

  0x000001737a00d758: ; ImmutableOopMap {[160]=Oop [168]=Oop [144]=Oop r9=Oop [152]=Oop [232]=Oop }
                      ;*synchronization entry
                      ; - jdk.internal.loader.Resource::cachedInputStream@-1 (line 76)
                      ; - jdk.internal.loader.Resource::getByteBuffer@1 (line 163)
                      ; - jdk.internal.loader.BuiltinClassLoader::defineClass@45 (line 853)
  0x000001737a00d758: 8bcd ffe9 | 38fc ffff | 418b 510c | 4883 fa00 | 0f84 64fc | ffff 4889 

  0x000001737a00d770: ;   {runtime_call g1_pre_barrier_slow}
  0x000001737a00d770: 1424 e809 | bccd ffe9 | 56fc ffff | 4883 f800 | 0f84 67fc | ffff 4c89 

  0x000001737a00d788: ;   {runtime_call g1_post_barrier_slow}
  0x000001737a00d788: 0c24 e8f1 | bfcd ffe9 | 59fc ffff | 488d 8424 | e000 0000 | 4889 0424 

  0x000001737a00d7a0: ;   {runtime_call monitorexit_nofpu Runtime1 stub}
  0x000001737a00d7a0: e85b 91cd | ffe9 6afc | ffff 4889 

  0x000001737a00d7ac: ;   {runtime_call throw_class_cast_exception Runtime1 stub}
  0x000001737a00d7ac: 1424 e86d 

  0x000001737a00d7b0: ; ImmutableOopMap {[160]=Oop [168]=Oop [144]=Oop [152]=Oop }
                      ;*checkcast {reexecute=0 rethrow=0 return_oop=0}
                      ; - jdk.internal.loader.Resource::getByteBuffer@13 (line 165)
                      ; - jdk.internal.loader.BuiltinClassLoader::defineClass@45 (line 853)
  0x000001737a00d7b0: 7ecd ff48 

  0x000001737a00d7b4: ;   {runtime_call fast_new_instance Runtime1 stub}
  0x000001737a00d7b4: 8bd2 e845 

  0x000001737a00d7b8: ; ImmutableOopMap {[160]=Oop [168]=Oop [144]=Oop [184]=Oop r9=Oop }
                      ;*new {reexecute=0 rethrow=0 return_oop=0}
                      ; - jdk.internal.loader.BuiltinClassLoader::defineClass@61 (line 856)
  0x000001737a00d7b8: 5dcd ffe9 | affd ffff 

  0x000001737a00d7c0: ;   {internal_word}
  0x000001737a00d7c0: 49ba ccd5 | 007a 7301 | 0000 4d89 | 9768 0300 

  0x000001737a00d7d0: ;   {runtime_call SafepointBlob}
  0x000001737a00d7d0: 00e9 aab7 | c3ff 488b 

  0x000001737a00d7d8: ;   {runtime_call fast_new_instance Runtime1 stub}
  0x000001737a00d7d8: d2e8 225d 

  0x000001737a00d7dc: ; ImmutableOopMap {[160]=Oop [144]=Oop [168]=Oop [200]=Oop r9=Oop }
                      ;*new {reexecute=0 rethrow=0 return_oop=0}
                      ; - jdk.internal.loader.BuiltinClassLoader::defineClass@95 (line 861)
  0x000001737a00d7dc: cdff e98c 

  0x000001737a00d7e0: ;   {runtime_call throw_null_pointer_exception Runtime1 stub}
  0x000001737a00d7e0: feff ffe8 

  0x000001737a00d7e4: ; ImmutableOopMap {[160]=Oop [144]=Oop [208]=Oop rax=Oop [200]=Oop }
                      ;*arraylength {reexecute=0 rethrow=0 return_oop=0}
                      ; - jdk.internal.loader.BuiltinClassLoader::defineClass@114 (line 862)
  0x000001737a00d7e4: 3852 cdff 

  0x000001737a00d7e8: ;   {internal_word}
  0x000001737a00d7e8: 49ba ecd6 | 007a 7301 | 0000 4d89 | 9768 0300 

  0x000001737a00d7f8: ;   {runtime_call SafepointBlob}
  0x000001737a00d7f8: 00e9 82b7 | c3ff 488d | 8424 e000 | 0000 4889 

  0x000001737a00d808: ;   {runtime_call monitorexit_nofpu Runtime1 stub}
  0x000001737a00d808: 0424 e8f1 | 90cd ffe9 | 27ff ffff | 9090 498b | 87e0 0300 | 0049 c787 | e003 0000 | 0000 0000 
  0x000001737a00d828: 49c7 87e8 | 0300 0000 | 0000 0048 | 81c4 0001 

  0x000001737a00d838: ;   {runtime_call unwind_exception Runtime1 stub}
  0x000001737a00d838: 0000 5de9 | c042 cdff 
[Stub Code]
  0x000001737a00d840: ;   {no_reloc}
  0x000001737a00d840: 0f1f 4400 

  0x000001737a00d844: ;   {static_stub}
  0x000001737a00d844: 0048 bb00 | 0000 0000 

  0x000001737a00d84c: ;   {runtime_call}
  0x000001737a00d84c: 0000 00e9 | fbff ffff 

  0x000001737a00d854: ;   {static_stub}
  0x000001737a00d854: 9048 bb00 | 0000 0000 

  0x000001737a00d85c: ;   {runtime_call}
  0x000001737a00d85c: 0000 00e9 | fbff ffff 

  0x000001737a00d864: ;   {static_stub}
  0x000001737a00d864: 9048 bb00 | 0000 0000 

  0x000001737a00d86c: ;   {runtime_call}
  0x000001737a00d86c: 0000 00e9 | fbff ffff 

  0x000001737a00d874: ;   {static_stub}
  0x000001737a00d874: 9048 bb00 | 0000 0000 

  0x000001737a00d87c: ;   {runtime_call}
  0x000001737a00d87c: 0000 00e9 | fbff ffff 

  0x000001737a00d884: ;   {static_stub}
  0x000001737a00d884: 9048 bb00 | 0000 0000 

  0x000001737a00d88c: ;   {runtime_call}
  0x000001737a00d88c: 0000 00e9 | fbff ffff 

  0x000001737a00d894: ;   {static_stub}
  0x000001737a00d894: 9048 bb00 | 0000 0000 

  0x000001737a00d89c: ;   {runtime_call}
  0x000001737a00d89c: 0000 00e9 | fbff ffff 

  0x000001737a00d8a4: ;   {static_stub}
  0x000001737a00d8a4: 9048 bb00 | 0000 0000 

  0x000001737a00d8ac: ;   {runtime_call}
  0x000001737a00d8ac: 0000 00e9 | fbff ffff 

  0x000001737a00d8b4: ;   {static_stub}
  0x000001737a00d8b4: 9048 bb00 | 0000 0000 

  0x000001737a00d8bc: ;   {runtime_call}
  0x000001737a00d8bc: 0000 00e9 | fbff ffff 

  0x000001737a00d8c4: ;   {static_stub}
  0x000001737a00d8c4: 9048 bb00 | 0000 0000 

  0x000001737a00d8cc: ;   {runtime_call}
  0x000001737a00d8cc: 0000 00e9 | fbff ffff 

  0x000001737a00d8d4: ;   {static_stub}
  0x000001737a00d8d4: 9048 bb00 | 0000 0000 

  0x000001737a00d8dc: ;   {runtime_call}
  0x000001737a00d8dc: 0000 00e9 | fbff ffff 

  0x000001737a00d8e4: ;   {static_stub}
  0x000001737a00d8e4: 9048 bb00 | 0000 0000 

  0x000001737a00d8ec: ;   {runtime_call}
  0x000001737a00d8ec: 0000 00e9 | fbff ffff 

  0x000001737a00d8f4: ;   {static_stub}
  0x000001737a00d8f4: 9048 bb00 | 0000 0000 

  0x000001737a00d8fc: ;   {runtime_call}
  0x000001737a00d8fc: 0000 00e9 | fbff ffff 

  0x000001737a00d904: ;   {static_stub}
  0x000001737a00d904: 9048 bb00 | 0000 0000 

  0x000001737a00d90c: ;   {runtime_call}
  0x000001737a00d90c: 0000 00e9 | fbff ffff 

  0x000001737a00d914: ;   {static_stub}
  0x000001737a00d914: 9048 bb00 | 0000 0000 

  0x000001737a00d91c: ;   {runtime_call}
  0x000001737a00d91c: 0000 00e9 | fbff ffff 

  0x000001737a00d924: ;   {static_stub}
  0x000001737a00d924: 9048 bb00 | 0000 0000 

  0x000001737a00d92c: ;   {runtime_call}
  0x000001737a00d92c: 0000 00e9 | fbff ffff 

  0x000001737a00d934: ;   {static_stub}
  0x000001737a00d934: 9048 bbb0 | 5043 0873 

  0x000001737a00d93c: ;   {runtime_call I2C/C2I adapters}
  0x000001737a00d93c: 0100 00e9 | 199c c3ff 

  0x000001737a00d944: ;   {static_stub}
  0x000001737a00d944: 9048 bb00 | 0000 0000 

  0x000001737a00d94c: ;   {runtime_call}
  0x000001737a00d94c: 0000 00e9 | fbff ffff 
[Exception Handler]
  0x000001737a00d954: ;   {runtime_call handle_exception_from_callee Runtime1 stub}
  0x000001737a00d954: e8a7 76cd 

  0x000001737a00d958: ;   {external_word}
  0x000001737a00d958: ff48 b950 | baea b5fc | 7f00 0048 

  0x000001737a00d964: ;   {runtime_call}
  0x000001737a00d964: 83e4 f049 | ba00 34b3 | b5fc 7f00 | 0041 ffd2 

  0x000001737a00d974: ;   {section_word}
  0x000001737a00d974: f449 ba75 | d900 7a73 | 0100 0041 

  0x000001737a00d980: ;   {runtime_call DeoptimizationBlob}
  0x000001737a00d980: 52e9 9aca | c3ff f4f4 
[/MachCode]


---------------  P R O C E S S  ---------------

Threads class SMR info:
_java_thread_list=0x00000173504d1830, length=22, elements={
0x0000017379b498b0, 0x0000017307d36590, 0x0000017307d37060, 0x0000017307d49d20,
0x0000017307d4c600, 0x0000017307d4ced0, 0x0000017307d4f7b0, 0x0000017307d50130,
0x0000017307d50a40, 0x000001734d105ad0, 0x000001734d10dff0, 0x000001734d112f10,
0x000001734d8ce860, 0x000001734d8cc950, 0x000001734da2d500, 0x000001734daaaa40,
0x000001734dbc63e0, 0x000001734dadb750, 0x000001734e166730, 0x000001734e1d3aa0,
0x000001734e1d3590, 0x000001734e1d2b70
}

Java Threads: ( => current thread )
  0x0000017379b498b0 JavaThread "main" [_thread_blocked, id=12896, stack(0x0000002eaef00000,0x0000002eaf000000)]
  0x0000017307d36590 JavaThread "Reference Handler" daemon [_thread_blocked, id=3172, stack(0x0000002eaf600000,0x0000002eaf700000)]
  0x0000017307d37060 JavaThread "Finalizer" daemon [_thread_blocked, id=15924, stack(0x0000002eaf700000,0x0000002eaf800000)]
  0x0000017307d49d20 JavaThread "Signal Dispatcher" daemon [_thread_blocked, id=6260, stack(0x0000002eaf800000,0x0000002eaf900000)]
  0x0000017307d4c600 JavaThread "Attach Listener" daemon [_thread_blocked, id=16100, stack(0x0000002eaf900000,0x0000002eafa00000)]
  0x0000017307d4ced0 JavaThread "Service Thread" daemon [_thread_blocked, id=10204, stack(0x0000002eafa00000,0x0000002eafb00000)]
  0x0000017307d4f7b0 JavaThread "Monitor Deflation Thread" daemon [_thread_blocked, id=9708, stack(0x0000002eafb00000,0x0000002eafc00000)]
  0x0000017307d50130 JavaThread "C1 CompilerThread0" daemon [_thread_blocked, id=8100, stack(0x0000002eafc00000,0x0000002eafd00000)]
  0x0000017307d50a40 JavaThread "Sweeper thread" daemon [_thread_blocked, id=15592, stack(0x0000002eafd00000,0x0000002eafe00000)]
  0x000001734d105ad0 JavaThread "Common-Cleaner" daemon [_thread_blocked, id=12428, stack(0x0000002eafe00000,0x0000002eaff00000)]
  0x000001734d10dff0 JavaThread "C1 CompilerThread1" daemon [_thread_blocked, id=8864, stack(0x0000002eaff00000,0x0000002eb0000000)]
  0x000001734d112f10 JavaThread "C1 CompilerThread2" daemon [_thread_blocked, id=15616, stack(0x0000002eb0000000,0x0000002eb0100000)]
  0x000001734d8ce860 JavaThread "Monitor Ctrl-Break" daemon [_thread_in_native, id=7424, stack(0x0000002eb0100000,0x0000002eb0200000)]
  0x000001734d8cc950 JavaThread "Notification Thread" daemon [_thread_blocked, id=13688, stack(0x0000002eb0200000,0x0000002eb0300000)]
  0x000001734da2d500 JavaThread "RMI TCP Accept-0" daemon [_thread_in_native, id=22508, stack(0x0000002eb0700000,0x0000002eb0800000)]
  0x000001734daaaa40 JavaThread "RMI TCP Connection(1)-192.168.31.79" daemon [_thread_in_native, id=2000, stack(0x0000002eb0900000,0x0000002eb0a00000)]
  0x000001734dbc63e0 JavaThread "RMI Scheduler(0)" daemon [_thread_blocked, id=2604, stack(0x0000002eb0a00000,0x0000002eb0b00000)]
  0x000001734dadb750 JavaThread "JMX server connection timeout 19" daemon [_thread_blocked, id=24588, stack(0x0000002eb0b00000,0x0000002eb0c00000)]
  0x000001734e166730 JavaThread "RMI TCP Connection(2)-192.168.31.79" daemon [_thread_in_native, id=17052, stack(0x0000002eb0c00000,0x0000002eb0d00000)]
  0x000001734e1d3aa0 JavaThread "Thread-0" [_thread_blocked, id=24936, stack(0x0000002eb0d00000,0x0000002eb0e00000)]
=>0x000001734e1d3590 JavaThread "restartedMain" [_thread_in_vm, id=1212, stack(0x0000002eb0e00000,0x0000002eb0f00000)]
  0x000001734e1d2b70 JavaThread "Keep-Alive-Timer" daemon [_thread_blocked, id=23180, stack(0x0000002eb1000000,0x0000002eb1100000)]

Other Threads:
  0x0000017307d300d0 VMThread "VM Thread" [stack: 0x0000002eaf500000,0x0000002eaf600000] [id=26916]
  0x0000017379b4a780 WatcherThread [stack: 0x0000002eb0800000,0x0000002eb0900000] [id=23768]
  0x0000017379b772f0 GCTaskThread "GC Thread#0" [stack: 0x0000002eaf000000,0x0000002eaf100000] [id=9132]
  0x000001734d8cdd40 GCTaskThread "GC Thread#1" [stack: 0x0000002eb0300000,0x0000002eb0400000] [id=23300]
  0x000001734d8fe330 GCTaskThread "GC Thread#2" [stack: 0x0000002eb0400000,0x0000002eb0500000] [id=22356]
  0x000001734d936810 GCTaskThread "GC Thread#3" [stack: 0x0000002eb0500000,0x0000002eb0600000] [id=18344]
  0x0000017379b7c970 ConcurrentGCThread "G1 Main Marker" [stack: 0x0000002eaf100000,0x0000002eaf200000] [id=22764]
  0x0000017379b7d2a0 ConcurrentGCThread "G1 Conc#0" [stack: 0x0000002eaf200000,0x0000002eaf300000] [id=9076]
  0x0000017379be0c60 ConcurrentGCThread "G1 Refine#0" [stack: 0x0000002eaf300000,0x0000002eaf400000] [id=15844]
  0x000001734d8fe600 ConcurrentGCThread "G1 Refine#1" [stack: 0x0000002eb0600000,0x0000002eb0700000] [id=19628]
  0x0000017307c006e0 ConcurrentGCThread "G1 Service" [stack: 0x0000002eaf400000,0x0000002eaf500000] [id=20288]

Threads with active compile tasks:

VM state: not at safepoint (normal execution)

VM Mutex/Monitor currently owned by a thread:  ([mutex/lock_event])
[0x0000017379b43740] Metaspace_lock - owner thread: 0x000001734e1d3590

Heap address: 0x00000000e0000000, size: 512 MB, Compressed Oops mode: 32-bit

CDS archive(s) mapped at: [0x0000017308000000-0x0000017308bb0000-0x0000017308bb0000), size 12255232, SharedBaseAddress: 0x0000017308000000, ArchiveRelocationMode: 1.
Compressed class space mapped at: 0x0000017309000000-0x0000017349000000, reserved size: 1073741824
Narrow klass base: 0x0000017308000000, Narrow klass shift: 0, Narrow klass range: 0x100000000

GC Precious Log:
 CPUs: 4 total, 4 available
 Memory: 12087M
 Large Page Support: Disabled
 NUMA Support: Disabled
 Compressed Oops: Enabled (32-bit)
 Heap Region Size: 1M
 Heap Min Capacity: 128M
 Heap Initial Capacity: 128M
 Heap Max Capacity: 512M
 Pre-touch: Disabled
 Parallel Workers: 4
 Concurrent Workers: 1
 Concurrent Refinement Workers: 4
 Periodic GC: Disabled

Heap:
 garbage-first heap   total 131072K, used 78822K [0x00000000e0000000, 0x0000000100000000)
  region size 1024K, 49 young (50176K), 10 survivors (10240K)
 Metaspace       used 51340K, committed 51840K, reserved 1114112K
  class space    used 7174K, committed 7424K, reserved 1048576K

Heap Regions: E=young(eden), S=young(survivor), O=old, HS=humongous(starts), HC=humongous(continues), CS=collection set, F=free, OA=open archive, CA=closed archive, TAMS=top-at-mark-start (previous, next)
|   0|0x00000000e0000000, 0x00000000e0100000, 0x00000000e0100000|100%|HS|  |TAMS 0x00000000e0100000, 0x00000000e0000000| Complete 
|   1|0x00000000e0100000, 0x00000000e0200000, 0x00000000e0200000|100%|HS|  |TAMS 0x00000000e0200000, 0x00000000e0100000| Complete 
|   2|0x00000000e0200000, 0x00000000e0300000, 0x00000000e0300000|100%|HS|  |TAMS 0x00000000e0300000, 0x00000000e0200000| Complete 
|   3|0x00000000e0300000, 0x00000000e0400000, 0x00000000e0400000|100%| O|  |TAMS 0x00000000e0400000, 0x00000000e0300000| Untracked 
|   4|0x00000000e0400000, 0x00000000e0500000, 0x00000000e0500000|100%| O|  |TAMS 0x00000000e0500000, 0x00000000e0400000| Untracked 
|   5|0x00000000e0500000, 0x00000000e0600000, 0x00000000e0600000|100%| O|  |TAMS 0x00000000e0600000, 0x00000000e0500000| Untracked 
|   6|0x00000000e0600000, 0x00000000e0700000, 0x00000000e0700000|100%| O|  |TAMS 0x00000000e0700000, 0x00000000e0600000| Untracked 
|   7|0x00000000e0700000, 0x00000000e0800000, 0x00000000e0800000|100%| O|  |TAMS 0x00000000e0800000, 0x00000000e0700000| Untracked 
|   8|0x00000000e0800000, 0x00000000e0900000, 0x00000000e0900000|100%| O|  |TAMS 0x00000000e0900000, 0x00000000e0800000| Untracked 
|   9|0x00000000e0900000, 0x00000000e0a00000, 0x00000000e0a00000|100%| O|  |TAMS 0x00000000e0a00000, 0x00000000e0900000| Untracked 
|  10|0x00000000e0a00000, 0x00000000e0b00000, 0x00000000e0b00000|100%| O|  |TAMS 0x00000000e0b00000, 0x00000000e0a00000| Untracked 
|  11|0x00000000e0b00000, 0x00000000e0c00000, 0x00000000e0c00000|100%| O|  |TAMS 0x00000000e0b00000, 0x00000000e0b00000| Untracked 
|  12|0x00000000e0c00000, 0x00000000e0d00000, 0x00000000e0d00000|100%| O|  |TAMS 0x00000000e0d00000, 0x00000000e0c00000| Untracked 
|  13|0x00000000e0d00000, 0x00000000e0e00000, 0x00000000e0e00000|100%| O|  |TAMS 0x00000000e0d92a00, 0x00000000e0d00000| Untracked 
|  14|0x00000000e0e00000, 0x00000000e0f00000, 0x00000000e0f00000|100%| O|  |TAMS 0x00000000e0e00000, 0x00000000e0e00000| Untracked 
|  15|0x00000000e0f00000, 0x00000000e1000000, 0x00000000e1000000|100%| O|  |TAMS 0x00000000e1000000, 0x00000000e0f00000| Untracked 
|  16|0x00000000e1000000, 0x00000000e1100000, 0x00000000e1100000|100%| O|  |TAMS 0x00000000e1100000, 0x00000000e1000000| Untracked 
|  17|0x00000000e1100000, 0x00000000e1200000, 0x00000000e1200000|100%| O|  |TAMS 0x00000000e1200000, 0x00000000e1100000| Untracked 
|  18|0x00000000e1200000, 0x00000000e1300000, 0x00000000e1300000|100%| O|  |TAMS 0x00000000e1300000, 0x00000000e1200000| Untracked 
|  19|0x00000000e1300000, 0x00000000e1400000, 0x00000000e1400000|100%| O|  |TAMS 0x00000000e1300000, 0x00000000e1300000| Untracked 
|  20|0x00000000e1400000, 0x00000000e1500000, 0x00000000e1500000|100%| O|  |TAMS 0x00000000e1400000, 0x00000000e1400000| Untracked 
|  21|0x00000000e1500000, 0x00000000e1600000, 0x00000000e1600000|100%| O|  |TAMS 0x00000000e1500000, 0x00000000e1500000| Untracked 
|  22|0x00000000e1600000, 0x00000000e1700000, 0x00000000e1700000|100%| O|  |TAMS 0x00000000e1600000, 0x00000000e1600000| Untracked 
|  23|0x00000000e1700000, 0x00000000e1800000, 0x00000000e1800000|100%| O|  |TAMS 0x00000000e1700000, 0x00000000e1700000| Untracked 
|  24|0x00000000e1800000, 0x00000000e1900000, 0x00000000e1900000|100%| O|  |TAMS 0x00000000e1800000, 0x00000000e1800000| Untracked 
|  25|0x00000000e1900000, 0x00000000e1900000, 0x00000000e1a00000|  0%| F|  |TAMS 0x00000000e1900000, 0x00000000e1900000| Untracked 
|  26|0x00000000e1a00000, 0x00000000e1a00000, 0x00000000e1b00000|  0%| F|  |TAMS 0x00000000e1a00000, 0x00000000e1a00000| Untracked 
|  27|0x00000000e1b00000, 0x00000000e1b00000, 0x00000000e1c00000|  0%| F|  |TAMS 0x00000000e1b00000, 0x00000000e1b00000| Untracked 
|  28|0x00000000e1c00000, 0x00000000e1c00000, 0x00000000e1d00000|  0%| F|  |TAMS 0x00000000e1c00000, 0x00000000e1c00000| Untracked 
|  29|0x00000000e1d00000, 0x00000000e1d00000, 0x00000000e1e00000|  0%| F|  |TAMS 0x00000000e1d00000, 0x00000000e1d00000| Untracked 
|  30|0x00000000e1e00000, 0x00000000e1e00000, 0x00000000e1f00000|  0%| F|  |TAMS 0x00000000e1e00000, 0x00000000e1e00000| Untracked 
|  31|0x00000000e1f00000, 0x00000000e2000000, 0x00000000e2000000|100%| O|  |TAMS 0x00000000e1f00000, 0x00000000e1f00000| Untracked 
|  32|0x00000000e2000000, 0x00000000e2100000, 0x00000000e2100000|100%| O|  |TAMS 0x00000000e2000000, 0x00000000e2000000| Untracked 
|  33|0x00000000e2100000, 0x00000000e2200000, 0x00000000e2200000|100%| O|  |TAMS 0x00000000e2100000, 0x00000000e2100000| Untracked 
|  34|0x00000000e2200000, 0x00000000e22f9a00, 0x00000000e2300000| 97%| O|  |TAMS 0x00000000e2200000, 0x00000000e2200000| Untracked 
|  35|0x00000000e2300000, 0x00000000e2300000, 0x00000000e2400000|  0%| F|  |TAMS 0x00000000e2300000, 0x00000000e2300000| Untracked 
|  36|0x00000000e2400000, 0x00000000e2400000, 0x00000000e2500000|  0%| F|  |TAMS 0x00000000e2400000, 0x00000000e2400000| Untracked 
|  37|0x00000000e2500000, 0x00000000e2500000, 0x00000000e2600000|  0%| F|  |TAMS 0x00000000e2500000, 0x00000000e2500000| Untracked 
|  38|0x00000000e2600000, 0x00000000e2600000, 0x00000000e2700000|  0%| F|  |TAMS 0x00000000e2600000, 0x00000000e2600000| Untracked 
|  39|0x00000000e2700000, 0x00000000e2700000, 0x00000000e2800000|  0%| F|  |TAMS 0x00000000e2700000, 0x00000000e2700000| Untracked 
|  40|0x00000000e2800000, 0x00000000e2800000, 0x00000000e2900000|  0%| F|  |TAMS 0x00000000e2800000, 0x00000000e2800000| Untracked 
|  41|0x00000000e2900000, 0x00000000e2900000, 0x00000000e2a00000|  0%| F|  |TAMS 0x00000000e2900000, 0x00000000e2900000| Untracked 
|  42|0x00000000e2a00000, 0x00000000e2a00000, 0x00000000e2b00000|  0%| F|  |TAMS 0x00000000e2a00000, 0x00000000e2a00000| Untracked 
|  43|0x00000000e2b00000, 0x00000000e2c00000, 0x00000000e2c00000|100%| S|CS|TAMS 0x00000000e2b00000, 0x00000000e2b00000| Complete 
|  44|0x00000000e2c00000, 0x00000000e2d00000, 0x00000000e2d00000|100%| S|CS|TAMS 0x00000000e2c00000, 0x00000000e2c00000| Complete 
|  45|0x00000000e2d00000, 0x00000000e2e00000, 0x00000000e2e00000|100%| S|CS|TAMS 0x00000000e2d00000, 0x00000000e2d00000| Complete 
|  46|0x00000000e2e00000, 0x00000000e2f00000, 0x00000000e2f00000|100%| S|CS|TAMS 0x00000000e2e00000, 0x00000000e2e00000| Complete 
|  47|0x00000000e2f00000, 0x00000000e3000000, 0x00000000e3000000|100%| S|CS|TAMS 0x00000000e2f00000, 0x00000000e2f00000| Complete 
|  48|0x00000000e3000000, 0x00000000e3100000, 0x00000000e3100000|100%| S|CS|TAMS 0x00000000e3000000, 0x00000000e3000000| Complete 
|  49|0x00000000e3100000, 0x00000000e3200000, 0x00000000e3200000|100%| S|CS|TAMS 0x00000000e3100000, 0x00000000e3100000| Complete 
|  50|0x00000000e3200000, 0x00000000e3200000, 0x00000000e3300000|  0%| F|  |TAMS 0x00000000e3200000, 0x00000000e3200000| Untracked 
|  51|0x00000000e3300000, 0x00000000e3300000, 0x00000000e3400000|  0%| F|  |TAMS 0x00000000e3300000, 0x00000000e3300000| Untracked 
|  52|0x00000000e3400000, 0x00000000e3400000, 0x00000000e3500000|  0%| F|  |TAMS 0x00000000e3400000, 0x00000000e3400000| Untracked 
|  53|0x00000000e3500000, 0x00000000e3500000, 0x00000000e3600000|  0%| F|  |TAMS 0x00000000e3500000, 0x00000000e3500000| Untracked 
|  54|0x00000000e3600000, 0x00000000e3600000, 0x00000000e3700000|  0%| F|  |TAMS 0x00000000e3600000, 0x00000000e3600000| Untracked 
|  55|0x00000000e3700000, 0x00000000e3700000, 0x00000000e3800000|  0%| F|  |TAMS 0x00000000e3700000, 0x00000000e3700000| Untracked 
|  56|0x00000000e3800000, 0x00000000e3800000, 0x00000000e3900000|  0%| F|  |TAMS 0x00000000e3800000, 0x00000000e3800000| Untracked 
|  57|0x00000000e3900000, 0x00000000e3900000, 0x00000000e3a00000|  0%| F|  |TAMS 0x00000000e3900000, 0x00000000e3900000| Untracked 
|  58|0x00000000e3a00000, 0x00000000e3b00000, 0x00000000e3b00000|100%| S|CS|TAMS 0x00000000e3a00000, 0x00000000e3a00000| Complete 
|  59|0x00000000e3b00000, 0x00000000e3c00000, 0x00000000e3c00000|100%| S|CS|TAMS 0x00000000e3b00000, 0x00000000e3b00000| Complete 
|  60|0x00000000e3c00000, 0x00000000e3c00000, 0x00000000e3d00000|  0%| F|  |TAMS 0x00000000e3c00000, 0x00000000e3c00000| Untracked 
|  61|0x00000000e3d00000, 0x00000000e3e00000, 0x00000000e3e00000|100%| S|CS|TAMS 0x00000000e3d00000, 0x00000000e3d00000| Complete 
|  62|0x00000000e3e00000, 0x00000000e3e00000, 0x00000000e3f00000|  0%| F|  |TAMS 0x00000000e3e00000, 0x00000000e3e00000| Untracked 
|  63|0x00000000e3f00000, 0x00000000e3f00000, 0x00000000e4000000|  0%| F|  |TAMS 0x00000000e3f00000, 0x00000000e3f00000| Untracked 
|  64|0x00000000e4000000, 0x00000000e4000000, 0x00000000e4100000|  0%| F|  |TAMS 0x00000000e4000000, 0x00000000e4000000| Untracked 
|  65|0x00000000e4100000, 0x00000000e4100000, 0x00000000e4200000|  0%| F|  |TAMS 0x00000000e4100000, 0x00000000e4100000| Untracked 
|  66|0x00000000e4200000, 0x00000000e4200000, 0x00000000e4300000|  0%| F|  |TAMS 0x00000000e4200000, 0x00000000e4200000| Untracked 
|  67|0x00000000e4300000, 0x00000000e4300000, 0x00000000e4400000|  0%| F|  |TAMS 0x00000000e4300000, 0x00000000e4300000| Untracked 
|  68|0x00000000e4400000, 0x00000000e4400000, 0x00000000e4500000|  0%| F|  |TAMS 0x00000000e4400000, 0x00000000e4400000| Untracked 
|  69|0x00000000e4500000, 0x00000000e4500000, 0x00000000e4600000|  0%| F|  |TAMS 0x00000000e4500000, 0x00000000e4500000| Untracked 
|  70|0x00000000e4600000, 0x00000000e4600000, 0x00000000e4700000|  0%| F|  |TAMS 0x00000000e4600000, 0x00000000e4600000| Untracked 
|  71|0x00000000e4700000, 0x00000000e4700000, 0x00000000e4800000|  0%| F|  |TAMS 0x00000000e4700000, 0x00000000e4700000| Untracked 
|  72|0x00000000e4800000, 0x00000000e4800000, 0x00000000e4900000|  0%| F|  |TAMS 0x00000000e4800000, 0x00000000e4800000| Untracked 
|  73|0x00000000e4900000, 0x00000000e4900000, 0x00000000e4a00000|  0%| F|  |TAMS 0x00000000e4900000, 0x00000000e4900000| Untracked 
|  74|0x00000000e4a00000, 0x00000000e4a00000, 0x00000000e4b00000|  0%| F|  |TAMS 0x00000000e4a00000, 0x00000000e4a00000| Untracked 
|  75|0x00000000e4b00000, 0x00000000e4b00000, 0x00000000e4c00000|  0%| F|  |TAMS 0x00000000e4b00000, 0x00000000e4b00000| Untracked 
|  76|0x00000000e4c00000, 0x00000000e4c00000, 0x00000000e4d00000|  0%| F|  |TAMS 0x00000000e4c00000, 0x00000000e4c00000| Untracked 
|  77|0x00000000e4d00000, 0x00000000e4d00000, 0x00000000e4e00000|  0%| F|  |TAMS 0x00000000e4d00000, 0x00000000e4d00000| Untracked 
|  78|0x00000000e4e00000, 0x00000000e4e00000, 0x00000000e4f00000|  0%| F|  |TAMS 0x00000000e4e00000, 0x00000000e4e00000| Untracked 
|  79|0x00000000e4f00000, 0x00000000e4f00000, 0x00000000e5000000|  0%| F|  |TAMS 0x00000000e4f00000, 0x00000000e4f00000| Untracked 
|  80|0x00000000e5000000, 0x00000000e5000000, 0x00000000e5100000|  0%| F|  |TAMS 0x00000000e5000000, 0x00000000e5000000| Untracked 
|  81|0x00000000e5100000, 0x00000000e5100000, 0x00000000e5200000|  0%| F|  |TAMS 0x00000000e5100000, 0x00000000e5100000| Untracked 
|  82|0x00000000e5200000, 0x00000000e5200000, 0x00000000e5300000|  0%| F|  |TAMS 0x00000000e5200000, 0x00000000e5200000| Untracked 
|  83|0x00000000e5300000, 0x00000000e5300000, 0x00000000e5400000|  0%| F|  |TAMS 0x00000000e5300000, 0x00000000e5300000| Untracked 
|  84|0x00000000e5400000, 0x00000000e5400000, 0x00000000e5500000|  0%| F|  |TAMS 0x00000000e5400000, 0x00000000e5400000| Untracked 
|  85|0x00000000e5500000, 0x00000000e5500000, 0x00000000e5600000|  0%| F|  |TAMS 0x00000000e5500000, 0x00000000e5500000| Untracked 
|  86|0x00000000e5600000, 0x00000000e5600000, 0x00000000e5700000|  0%| F|  |TAMS 0x00000000e5600000, 0x00000000e5600000| Untracked 
|  87|0x00000000e5700000, 0x00000000e5700000, 0x00000000e5800000|  0%| F|  |TAMS 0x00000000e5700000, 0x00000000e5700000| Untracked 
|  88|0x00000000e5800000, 0x00000000e5800000, 0x00000000e5900000|  0%| F|  |TAMS 0x00000000e5800000, 0x00000000e5800000| Untracked 
|  89|0x00000000e5900000, 0x00000000e5a00000, 0x00000000e5a00000|100%| E|  |TAMS 0x00000000e5900000, 0x00000000e5900000| Complete 
|  90|0x00000000e5a00000, 0x00000000e5b00000, 0x00000000e5b00000|100%| E|CS|TAMS 0x00000000e5a00000, 0x00000000e5a00000| Complete 
|  91|0x00000000e5b00000, 0x00000000e5c00000, 0x00000000e5c00000|100%| E|CS|TAMS 0x00000000e5b00000, 0x00000000e5b00000| Complete 
|  92|0x00000000e5c00000, 0x00000000e5d00000, 0x00000000e5d00000|100%| E|CS|TAMS 0x00000000e5c00000, 0x00000000e5c00000| Complete 
|  93|0x00000000e5d00000, 0x00000000e5e00000, 0x00000000e5e00000|100%| E|CS|TAMS 0x00000000e5d00000, 0x00000000e5d00000| Complete 
|  94|0x00000000e5e00000, 0x00000000e5f00000, 0x00000000e5f00000|100%| E|CS|TAMS 0x00000000e5e00000, 0x00000000e5e00000| Complete 
|  95|0x00000000e5f00000, 0x00000000e6000000, 0x00000000e6000000|100%| E|CS|TAMS 0x00000000e5f00000, 0x00000000e5f00000| Complete 
|  96|0x00000000e6000000, 0x00000000e6100000, 0x00000000e6100000|100%| E|CS|TAMS 0x00000000e6000000, 0x00000000e6000000| Complete 
|  97|0x00000000e6100000, 0x00000000e6200000, 0x00000000e6200000|100%| E|CS|TAMS 0x00000000e6100000, 0x00000000e6100000| Complete 
|  98|0x00000000e6200000, 0x00000000e6300000, 0x00000000e6300000|100%| E|CS|TAMS 0x00000000e6200000, 0x00000000e6200000| Complete 
|  99|0x00000000e6300000, 0x00000000e6400000, 0x00000000e6400000|100%| E|CS|TAMS 0x00000000e6300000, 0x00000000e6300000| Complete 
| 100|0x00000000e6400000, 0x00000000e6500000, 0x00000000e6500000|100%| E|CS|TAMS 0x00000000e6400000, 0x00000000e6400000| Complete 
| 101|0x00000000e6500000, 0x00000000e6600000, 0x00000000e6600000|100%| E|CS|TAMS 0x00000000e6500000, 0x00000000e6500000| Complete 
| 102|0x00000000e6600000, 0x00000000e6700000, 0x00000000e6700000|100%| E|CS|TAMS 0x00000000e6600000, 0x00000000e6600000| Complete 
| 103|0x00000000e6700000, 0x00000000e6800000, 0x00000000e6800000|100%| E|CS|TAMS 0x00000000e6700000, 0x00000000e6700000| Complete 
| 104|0x00000000e6800000, 0x00000000e6900000, 0x00000000e6900000|100%| E|CS|TAMS 0x00000000e6800000, 0x00000000e6800000| Complete 
| 105|0x00000000e6900000, 0x00000000e6a00000, 0x00000000e6a00000|100%| E|CS|TAMS 0x00000000e6900000, 0x00000000e6900000| Complete 
| 106|0x00000000e6a00000, 0x00000000e6b00000, 0x00000000e6b00000|100%| E|CS|TAMS 0x00000000e6a00000, 0x00000000e6a00000| Complete 
| 107|0x00000000e6b00000, 0x00000000e6c00000, 0x00000000e6c00000|100%| E|CS|TAMS 0x00000000e6b00000, 0x00000000e6b00000| Complete 
| 108|0x00000000e6c00000, 0x00000000e6d00000, 0x00000000e6d00000|100%| E|CS|TAMS 0x00000000e6c00000, 0x00000000e6c00000| Complete 
| 109|0x00000000e6d00000, 0x00000000e6e00000, 0x00000000e6e00000|100%| E|CS|TAMS 0x00000000e6d00000, 0x00000000e6d00000| Complete 
| 110|0x00000000e6e00000, 0x00000000e6f00000, 0x00000000e6f00000|100%| E|CS|TAMS 0x00000000e6e00000, 0x00000000e6e00000| Complete 
| 111|0x00000000e6f00000, 0x00000000e7000000, 0x00000000e7000000|100%| E|CS|TAMS 0x00000000e6f00000, 0x00000000e6f00000| Complete 
| 112|0x00000000e7000000, 0x00000000e7100000, 0x00000000e7100000|100%| E|CS|TAMS 0x00000000e7000000, 0x00000000e7000000| Complete 
| 113|0x00000000e7100000, 0x00000000e7200000, 0x00000000e7200000|100%| E|CS|TAMS 0x00000000e7100000, 0x00000000e7100000| Complete 
| 114|0x00000000e7200000, 0x00000000e7300000, 0x00000000e7300000|100%| E|CS|TAMS 0x00000000e7200000, 0x00000000e7200000| Complete 
| 115|0x00000000e7300000, 0x00000000e7400000, 0x00000000e7400000|100%| E|CS|TAMS 0x00000000e7300000, 0x00000000e7300000| Complete 
| 116|0x00000000e7400000, 0x00000000e7500000, 0x00000000e7500000|100%| E|CS|TAMS 0x00000000e7400000, 0x00000000e7400000| Complete 
| 117|0x00000000e7500000, 0x00000000e7600000, 0x00000000e7600000|100%| E|CS|TAMS 0x00000000e7500000, 0x00000000e7500000| Complete 
| 118|0x00000000e7600000, 0x00000000e7700000, 0x00000000e7700000|100%| E|CS|TAMS 0x00000000e7600000, 0x00000000e7600000| Complete 
| 119|0x00000000e7700000, 0x00000000e7800000, 0x00000000e7800000|100%| E|CS|TAMS 0x00000000e7700000, 0x00000000e7700000| Complete 
| 120|0x00000000e7800000, 0x00000000e7900000, 0x00000000e7900000|100%| E|CS|TAMS 0x00000000e7800000, 0x00000000e7800000| Complete 
| 121|0x00000000e7900000, 0x00000000e7a00000, 0x00000000e7a00000|100%| E|CS|TAMS 0x00000000e7900000, 0x00000000e7900000| Complete 
| 122|0x00000000e7a00000, 0x00000000e7b00000, 0x00000000e7b00000|100%| E|CS|TAMS 0x00000000e7a00000, 0x00000000e7a00000| Complete 
| 123|0x00000000e7b00000, 0x00000000e7c00000, 0x00000000e7c00000|100%| E|CS|TAMS 0x00000000e7b00000, 0x00000000e7b00000| Complete 
| 124|0x00000000e7c00000, 0x00000000e7d00000, 0x00000000e7d00000|100%| E|CS|TAMS 0x00000000e7c00000, 0x00000000e7c00000| Complete 
| 125|0x00000000e7d00000, 0x00000000e7e00000, 0x00000000e7e00000|100%| E|CS|TAMS 0x00000000e7d00000, 0x00000000e7d00000| Complete 
| 126|0x00000000e7e00000, 0x00000000e7f00000, 0x00000000e7f00000|100%| E|CS|TAMS 0x00000000e7e00000, 0x00000000e7e00000| Complete 
| 127|0x00000000e7f00000, 0x00000000e8000000, 0x00000000e8000000|100%| E|CS|TAMS 0x00000000e7f00000, 0x00000000e7f00000| Complete 

Card table byte_map: [0x00000173798b0000,0x00000173799b0000] _byte_map_base: 0x00000173791b0000

Marking Bits (Prev, Next): (CMBitMap*) 0x0000017379b77830, (CMBitMap*) 0x0000017379b77870
 Prev Bits: [0x000001737cbf0000, 0x000001737d3f0000)
 Next Bits: [0x000001737d3f0000, 0x000001737dbf0000)

Polling page: 0x00000173792f0000

Metaspace:

Usage:
  Non-class:     43.13 MB used.
      Class:      7.01 MB used.
       Both:     50.14 MB used.

Virtual space:
  Non-class space:       64.00 MB reserved,      43.38 MB ( 68%) committed,  1 nodes.
      Class space:        1.00 GB reserved,       7.25 MB ( <1%) committed,  1 nodes.
             Both:        1.06 GB reserved,      50.62 MB (  5%) committed. 

Chunk freelists:
   Non-Class:  3.92 MB
       Class:  8.66 MB
        Both:  12.58 MB

MaxMetaspaceSize: unlimited
CompressedClassSpaceSize: 1.00 GB
Initial GC threshold: 21.00 MB
Current GC threshold: 59.31 MB
CDS: on
MetaspaceReclaimPolicy: balanced
 - commit_granule_bytes: 65536.
 - commit_granule_words: 8192.
 - virtual_space_node_default_size: 8388608.
 - enlarge_chunks_in_place: 1.
 - new_chunks_are_fully_committed: 0.
 - uncommit_free_chunks: 1.
 - use_allocation_guard: 0.
 - handle_deallocations: 1.


Internal statistics:

num_allocs_failed_limit: 6.
num_arena_births: 806.
num_arena_deaths: 0.
num_vsnodes_births: 2.
num_vsnodes_deaths: 0.
num_space_committed: 810.
num_space_uncommitted: 0.
num_chunks_returned_to_freelist: 6.
num_chunks_taken_from_freelist: 2691.
num_chunk_merges: 6.
num_chunk_splits: 1901.
num_chunks_enlarged: 1457.
num_inconsistent_stats: 0.

CodeCache: size=49152Kb used=10760Kb max_used=10760Kb free=38391Kb
 bounds [0x0000017379bf0000, 0x000001737a680000, 0x000001737cbf0000]
 total_blobs=5845 nmethods=5270 adapters=500
 compilation: enabled
              stopped_count=0, restarted_count=0
 full_count=0

Compilation events (20 events):
Event: 8.841 Thread 0x000001734d112f10 5262       1       sun.reflect.generics.factory.CoreReflectionFactory::getDecl (5 bytes)
Event: 8.841 Thread 0x0000017307d50130 nmethod 5260 0x000001737a66e910 code [0x000001737a66eaa0, 0x000001737a66eb78]
Event: 8.841 Thread 0x000001734d10dff0 nmethod 5261 0x000001737a66ec10 code [0x000001737a66eda0, 0x000001737a66ee78]
Event: 8.841 Thread 0x000001734d112f10 nmethod 5262 0x000001737a66ef10 code [0x000001737a66f0a0, 0x000001737a66f178]
Event: 8.855 Thread 0x000001734d112f10 5263       1       java.util.LinkedList::checkPositionIndex (22 bytes)
Event: 8.855 Thread 0x000001734d10dff0 5264       1       java.util.LinkedList::isPositionIndex (18 bytes)
Event: 8.855 Thread 0x000001734d10dff0 nmethod 5264 0x000001737a66f210 code [0x000001737a66f3a0, 0x000001737a66f498]
Event: 8.855 Thread 0x000001734d112f10 nmethod 5263 0x000001737a66f510 code [0x000001737a66f700, 0x000001737a66f9e8]
Event: 8.858 Thread 0x000001734d112f10 5265       1       java.util.LinkedList::listIterator (15 bytes)
Event: 8.858 Thread 0x000001734d10dff0 5266       1       java.util.LinkedList$ListItr::<init> (47 bytes)
Event: 8.858 Thread 0x0000017307d50130 5267       1       java.util.AbstractSequentialList::iterator (5 bytes)
Event: 8.858 Thread 0x000001734d10dff0 nmethod 5266 0x000001737a66fb90 code [0x000001737a66fd40, 0x000001737a66ff08]
Event: 8.858 Thread 0x000001734d112f10 nmethod 5265 0x000001737a670010 code [0x000001737a6701c0, 0x000001737a670408]
Event: 8.859 Thread 0x0000017307d50130 nmethod 5267 0x000001737a670510 code [0x000001737a6706c0, 0x000001737a670908]
Event: 8.862 Thread 0x000001734d112f10 5268       1       java.util.LinkedList::node (65 bytes)
Event: 8.862 Thread 0x000001734d112f10 nmethod 5268 0x000001737a670a90 code [0x000001737a670c40, 0x000001737a670d98]
Event: 8.875 Thread 0x0000017307d50130 5269       1       java.lang.reflect.Constructor::hashCode (11 bytes)
Event: 8.875 Thread 0x0000017307d50130 nmethod 5269 0x000001737a671190 code [0x000001737a671340, 0x000001737a671458]
Event: 8.875 Thread 0x000001734d112f10 5270       1       java.util.IdentityHashMap::put (137 bytes)
Event: 8.876 Thread 0x000001734d112f10 nmethod 5270 0x000001737a671590 code [0x000001737a671780, 0x000001737a671cb8]

GC Heap History (18 events):
Event: 0.641 GC heap before
{Heap before GC invocations=0 (full 0):
 garbage-first heap   total 131072K, used 16384K [0x00000000e0000000, 0x0000000100000000)
  region size 1024K, 13 young (13312K), 0 survivors (0K)
 Metaspace       used 1830K, committed 1984K, reserved 1114112K
  class space    used 202K, committed 320K, reserved 1048576K
}
Event: 0.654 GC heap after
{Heap after GC invocations=1 (full 0):
 garbage-first heap   total 131072K, used 10781K [0x00000000e0000000, 0x0000000100000000)
  region size 1024K, 2 young (2048K), 2 survivors (2048K)
 Metaspace       used 1830K, committed 1984K, reserved 1114112K
  class space    used 202K, committed 320K, reserved 1048576K
}
Event: 0.926 GC heap before
{Heap before GC invocations=1 (full 0):
 garbage-first heap   total 131072K, used 18973K [0x00000000e0000000, 0x0000000100000000)
  region size 1024K, 10 young (10240K), 2 survivors (2048K)
 Metaspace       used 5793K, committed 6016K, reserved 1114112K
  class space    used 709K, committed 832K, reserved 1048576K
}
Event: 0.930 GC heap after
{Heap after GC invocations=2 (full 0):
 garbage-first heap   total 131072K, used 13123K [0x00000000e0000000, 0x0000000100000000)
  region size 1024K, 2 young (2048K), 2 survivors (2048K)
 Metaspace       used 5793K, committed 6016K, reserved 1114112K
  class space    used 709K, committed 832K, reserved 1048576K
}
Event: 1.208 GC heap before
{Heap before GC invocations=2 (full 0):
 garbage-first heap   total 131072K, used 34627K [0x00000000e0000000, 0x0000000100000000)
  region size 1024K, 20 young (20480K), 2 survivors (2048K)
 Metaspace       used 8506K, committed 8704K, reserved 1114112K
  class space    used 1048K, committed 1152K, reserved 1048576K
}
Event: 1.215 GC heap after
{Heap after GC invocations=3 (full 0):
 garbage-first heap   total 131072K, used 20966K [0x00000000e0000000, 0x0000000100000000)
  region size 1024K, 3 young (3072K), 3 survivors (3072K)
 Metaspace       used 8506K, committed 8704K, reserved 1114112K
  class space    used 1048K, committed 1152K, reserved 1048576K
}
Event: 2.461 GC heap before
{Heap before GC invocations=3 (full 0):
 garbage-first heap   total 131072K, used 68070K [0x00000000e0000000, 0x0000000100000000)
  region size 1024K, 49 young (50176K), 3 survivors (3072K)
 Metaspace       used 14527K, committed 14912K, reserved 1114112K
  class space    used 1933K, committed 2112K, reserved 1048576K
}
Event: 2.467 GC heap after
{Heap after GC invocations=4 (full 0):
 garbage-first heap   total 131072K, used 21097K [0x00000000e0000000, 0x0000000100000000)
  region size 1024K, 6 young (6144K), 6 survivors (6144K)
 Metaspace       used 14527K, committed 14912K, reserved 1114112K
  class space    used 1933K, committed 2112K, reserved 1048576K
}
Event: 2.891 GC heap before
{Heap before GC invocations=4 (full 0):
 garbage-first heap   total 131072K, used 51817K [0x00000000e0000000, 0x0000000100000000)
  region size 1024K, 38 young (38912K), 6 survivors (6144K)
 Metaspace       used 21123K, committed 21504K, reserved 1114112K
  class space    used 2643K, committed 2816K, reserved 1048576K
}
Event: 2.899 GC heap after
{Heap after GC invocations=5 (full 0):
 garbage-first heap   total 131072K, used 22534K [0x00000000e0000000, 0x0000000100000000)
  region size 1024K, 5 young (5120K), 5 survivors (5120K)
 Metaspace       used 21123K, committed 21504K, reserved 1114112K
  class space    used 2643K, committed 2816K, reserved 1048576K
}
Event: 4.906 GC heap before
{Heap before GC invocations=6 (full 0):
 garbage-first heap   total 131072K, used 87046K [0x00000000e0000000, 0x0000000100000000)
  region size 1024K, 70 young (71680K), 5 survivors (5120K)
 Metaspace       used 31978K, committed 32384K, reserved 1114112K
  class space    used 4340K, committed 4544K, reserved 1048576K
}
Event: 4.917 GC heap after
{Heap after GC invocations=7 (full 0):
 garbage-first heap   total 131072K, used 24775K [0x00000000e0000000, 0x0000000100000000)
  region size 1024K, 8 young (8192K), 8 survivors (8192K)
 Metaspace       used 31978K, committed 32384K, reserved 1114112K
  class space    used 4340K, committed 4544K, reserved 1048576K
}
Event: 5.979 GC heap before
{Heap before GC invocations=7 (full 0):
 garbage-first heap   total 131072K, used 92359K [0x00000000e0000000, 0x0000000100000000)
  region size 1024K, 76 young (77824K), 8 survivors (8192K)
 Metaspace       used 35824K, committed 36288K, reserved 1114112K
  class space    used 4852K, committed 5120K, reserved 1048576K
}
Event: 5.989 GC heap after
{Heap after GC invocations=8 (full 0):
 garbage-first heap   total 131072K, used 29046K [0x00000000e0000000, 0x0000000100000000)
  region size 1024K, 9 young (9216K), 9 survivors (9216K)
 Metaspace       used 35824K, committed 36288K, reserved 1114112K
  class space    used 4852K, committed 5120K, reserved 1048576K
}
Event: 7.280 GC heap before
{Heap before GC invocations=9 (full 0):
 garbage-first heap   total 131072K, used 97654K [0x00000000e0000000, 0x0000000100000000)
  region size 1024K, 76 young (77824K), 9 survivors (9216K)
 Metaspace       used 41897K, committed 42368K, reserved 1114112K
  class space    used 5846K, committed 6080K, reserved 1048576K
}
Event: 7.293 GC heap after
{Heap after GC invocations=10 (full 0):
 garbage-first heap   total 131072K, used 33705K [0x00000000e0000000, 0x0000000100000000)
  region size 1024K, 9 young (9216K), 9 survivors (9216K)
 Metaspace       used 41897K, committed 42368K, reserved 1114112K
  class space    used 5846K, committed 6080K, reserved 1048576K
}
Event: 8.302 GC heap before
{Heap before GC invocations=10 (full 0):
 garbage-first heap   total 131072K, used 107433K [0x00000000e0000000, 0x0000000100000000)
  region size 1024K, 75 young (76800K), 9 survivors (9216K)
 Metaspace       used 48235K, committed 48768K, reserved 1114112K
  class space    used 6715K, committed 6912K, reserved 1048576K
}
Event: 8.317 GC heap after
{Heap after GC invocations=11 (full 0):
 garbage-first heap   total 131072K, used 39910K [0x00000000e0000000, 0x0000000100000000)
  region size 1024K, 10 young (10240K), 10 survivors (10240K)
 Metaspace       used 48235K, committed 48768K, reserved 1114112K
  class space    used 6715K, committed 6912K, reserved 1048576K
}

Dll operation events (13 events):
Event: 0.023 Loaded shared library C:\Users\GNEX_DIGITAL\.jdks\ms-17.0.19\bin\java.dll
Event: 0.068 Loaded shared library C:\Users\GNEX_DIGITAL\.jdks\ms-17.0.19\bin\jsvml.dll
Event: 0.304 Loaded shared library C:\Users\GNEX_DIGITAL\.jdks\ms-17.0.19\bin\zip.dll
Event: 0.307 Loaded shared library C:\Users\GNEX_DIGITAL\.jdks\ms-17.0.19\bin\instrument.dll
Event: 0.313 Loaded shared library C:\Users\GNEX_DIGITAL\.jdks\ms-17.0.19\bin\net.dll
Event: 0.315 Loaded shared library C:\Users\GNEX_DIGITAL\.jdks\ms-17.0.19\bin\nio.dll
Event: 0.317 Loaded shared library C:\Users\GNEX_DIGITAL\.jdks\ms-17.0.19\bin\zip.dll
Event: 0.504 Loaded shared library C:\Users\GNEX_DIGITAL\.jdks\ms-17.0.19\bin\jimage.dll
Event: 0.586 Loaded shared library C:\Users\GNEX_DIGITAL\.jdks\ms-17.0.19\bin\extnet.dll
Event: 0.593 Loaded shared library C:\Users\GNEX_DIGITAL\.jdks\ms-17.0.19\bin\management.dll
Event: 0.612 Loaded shared library C:\Users\GNEX_DIGITAL\.jdks\ms-17.0.19\bin\management_ext.dll
Event: 4.752 Loaded shared library C:\Users\GNEX_DIGITAL\.jdks\ms-17.0.19\bin\sunmscapi.dll
Event: 8.357 Loaded shared library C:\Users\GNEX_DIGITAL\.jdks\ms-17.0.19\bin\verify.dll

Deoptimization events (2 events):
Event: 3.045 Thread 0x000001734e1d3590 DEOPT PACKING pc=0x000001737a075d9c sp=0x0000002eb0efda80
Event: 3.045 Thread 0x000001734e1d3590 DEOPT UNPACKING pc=0x0000017379c4ace3 sp=0x0000002eb0efcf48 mode 0

Classes loaded (20 events):
Event: 8.444 Loading class sun/reflect/ReflectionFactory
Event: 8.445 Loading class sun/reflect/ReflectionFactory done
Event: 8.445 Loading class sun/reflect/ReflectionFactory$1
Event: 8.445 Loading class sun/reflect/ReflectionFactory$1 done
Event: 8.445 Loading class java/io/OptionalDataException
Event: 8.445 Loading class java/io/OptionalDataException done
Event: 8.506 Loading class jdk/internal/reflect/UnsafeIntegerFieldAccessorImpl
Event: 8.506 Loading class jdk/internal/reflect/UnsafeIntegerFieldAccessorImpl done
Event: 8.506 Loading class sun/reflect/annotation/AnnotationInvocationHandler$1
Event: 8.507 Loading class sun/reflect/annotation/AnnotationInvocationHandler$1 done
Event: 8.613 Loading class sun/reflect/generics/reflectiveObjects/GenericArrayTypeImpl
Event: 8.613 Loading class sun/reflect/generics/reflectiveObjects/GenericArrayTypeImpl done
Event: 8.742 Loading class javax/net/ssl/SSLException
Event: 8.742 Loading class javax/net/ssl/SSLException done
Event: 8.759 Loading class java/nio/channels/CompletionHandler
Event: 8.759 Loading class java/nio/channels/CompletionHandler done
Event: 8.863 Loading class java/util/WeakHashMap$KeyIterator
Event: 8.863 Loading class java/util/WeakHashMap$HashIterator
Event: 8.864 Loading class java/util/WeakHashMap$HashIterator done
Event: 8.864 Loading class java/util/WeakHashMap$KeyIterator done

Classes unloaded (0 events):
No events

Classes redefined (0 events):
No events

Internal exceptions (20 events):
Event: 7.811 Thread 0x000001734e1d3590 Exception <a 'java/lang/NoSuchMethodError'{0x00000000e6941830}: 'java.lang.Object java.lang.invoke.Invokers$Holder.linkToTargetMethod(java.lang.Object, java.lang.Object, int, java.lang.Object)'> (0x00000000e6941830) 
thrown [s\src\hotspot\share\interpreter\linkResolver.cpp, line 759]
Event: 7.816 Thread 0x000001734e1d3590 Exception <a 'java/lang/NoSuchMethodError'{0x00000000e69a8e20}: 'void java.lang.invoke.DirectMethodHandle$Holder.invokeStatic(java.lang.Object, int, java.lang.Object)'> (0x00000000e69a8e20) 
thrown [s\src\hotspot\share\interpreter\linkResolver.cpp, line 759]
Event: 8.147 Thread 0x000001734e1d3590 Exception <a 'java/io/FileNotFoundException'{0x00000000e46ae9e0}> (0x00000000e46ae9e0) 
thrown [s\src\hotspot\share\prims\jni.cpp, line 516]
Event: 8.148 Thread 0x000001734e1d3590 Exception <a 'java/io/FileNotFoundException'{0x00000000e46affc0}> (0x00000000e46affc0) 
thrown [s\src\hotspot\share\prims\jni.cpp, line 516]
Event: 8.213 Thread 0x000001734e1d3590 Exception <a 'java/lang/NoSuchMethodError'{0x00000000e410b0c8}: 'int java.lang.invoke.DirectMethodHandle$Holder.invokeInterface(java.lang.Object, java.lang.Object, java.lang.Object, java.lang.Object)'> (0x00000000e410b0c8) 
thrown [s\src\hotspot\share\interpreter\linkResolver.cpp, line 759]
Event: 8.272 Thread 0x000001734e1d3590 Exception <a 'java/lang/NoSuchMethodError'{0x00000000e3f96aa8}: 'java.lang.Object java.lang.invoke.DirectMethodHandle$Holder.invokeStaticInit(java.lang.Object, java.lang.Object, java.lang.Object, java.lang.Object)'> (0x00000000e3f96aa8) 
thrown [s\src\hotspot\share\interpreter\linkResolver.cpp, line 759]
Event: 8.274 Thread 0x000001734e1d3590 Exception <a 'java/lang/IncompatibleClassChangeError'{0x00000000e3faf078}: Found class java.lang.Object, but interface was expected> (0x00000000e3faf078) 
thrown [s\src\hotspot\share\interpreter\linkResolver.cpp, line 826]
Event: 8.275 Thread 0x000001734e1d3590 Exception <a 'java/lang/IncompatibleClassChangeError'{0x00000000e3fbe1d0}: Found class java.lang.Object, but interface was expected> (0x00000000e3fbe1d0) 
thrown [s\src\hotspot\share\interpreter\linkResolver.cpp, line 826]
Event: 8.278 Thread 0x000001734e1d3590 Exception <a 'java/lang/IncompatibleClassChangeError'{0x00000000e3ff19a8}: Found class java.lang.Object, but interface was expected> (0x00000000e3ff19a8) 
thrown [s\src\hotspot\share\interpreter\linkResolver.cpp, line 826]
Event: 8.388 Thread 0x000001734e1d3590 Exception <a 'java/lang/NoSuchMethodError'{0x00000000e7c4dd40}: 'int java.lang.invoke.DirectMethodHandle$Holder.invokeStaticInit(java.lang.Object, int, java.lang.Object, java.lang.Object, java.lang.Object, java.lang.Object)'> (0x00000000e7c4dd40) 
thrown [s\src\hotspot\share\interpreter\linkResolver.cpp, line 759]
Event: 8.399 Thread 0x000001734e1d3590 Exception <a 'java/lang/NoSuchMethodError'{0x00000000e7cb3dc0}: 'java.lang.Object java.lang.invoke.DirectMethodHandle$Holder.invokeSpecial(java.lang.Object, java.lang.Object, java.lang.Object, java.lang.Object, java.lang.Object, java.lang.Object, java.lang.Object, java.lang.Object, java.lang.Object, java.lang.Object, java.lang.Object, java.lang.Object, java.lang.Object, java.lang.Object)'> (0x00000000e7cb3dc0) 
thrown [s\src\hotspot\share\interpreter\linkResolver.cpp, line 759]
Event: 8.399 Thread 0x000001734e1d3590 Exception <a 'java/lang/NoSuchMethodError'{0x00000000e7cb8fe0}: 'java.lang.Object java.lang.invoke.Invokers$Holder.invoker(java.lang.Object, java.lang.Object, java.lang.Object, java.lang.Object, java.lang.Object, java.lang.Object, java.lang.Object, java.lang.Object, java.lang.Object, java.lang.Object, java.lang.Object, java.lang.Object, java.lang.Object, java.lang.Object)'> (0x00000000e7cb8fe0) 
thrown [s\src\hotspot\share\interpreter\linkResolver.cpp, line 759]
Event: 8.400 Thread 0x000001734e1d3590 Exception <a 'java/lang/NoSuchMethodError'{0x00000000e7cbebf8}: 'java.lang.Object java.lang.invoke.DirectMethodHandle$Holder.invokeSpecial(java.lang.Object, java.lang.Object, java.lang.Object, java.lang.Object, java.lang.Object, java.lang.Object, java.lang.Object, java.lang.Object, java.lang.Object, java.lang.Object, java.lang.Object, java.lang.Object, java.lang.Object, java.lang.Object, java.lang.Object)'> (0x00000000e7cbebf8) 
thrown [s\src\hotspot\share\interpreter\linkResolver.cpp, line 759]
Event: 8.430 Thread 0x000001734e1d3590 Exception <a 'java/lang/NoSuchMethodError'{0x00000000e7b67aa0}: 'java.lang.Object java.lang.invoke.DirectMethodHandle$Holder.invokeStatic(java.lang.Object, java.lang.Object, int, java.lang.Object)'> (0x00000000e7b67aa0) 
thrown [s\src\hotspot\share\interpreter\linkResolver.cpp, line 759]
Event: 8.431 Thread 0x000001734e1d3590 Exception <a 'java/lang/NoSuchMethodError'{0x00000000e7b6edc0}: 'java.lang.Object java.lang.invoke.DirectMethodHandle$Holder.newInvokeSpecial(java.lang.Object, java.lang.Object, int)'> (0x00000000e7b6edc0) 
thrown [s\src\hotspot\share\interpreter\linkResolver.cpp, line 759]
Event: 8.589 Thread 0x000001734e1d3590 Exception <a 'java/lang/NoSuchMethodError'{0x00000000e69e81d8}: 'java.lang.Object java.lang.invoke.DirectMethodHandle$Holder.newInvokeSpecial(java.lang.Object, java.lang.Object, java.lang.Object, int, java.lang.Object, java.lang.Object)'> (0x00000000e69e81d8) 
thrown [s\src\hotspot\share\interpreter\linkResolver.cpp, line 759]
Event: 8.759 Thread 0x000001734e1d3590 Exception <a 'java/lang/NoSuchMethodError'{0x00000000e6019408}: 'long java.lang.invoke.DirectMethodHandle$Holder.invokeVirtual(java.lang.Object, java.lang.Object)'> (0x00000000e6019408) 
thrown [s\src\hotspot\share\interpreter\linkResolver.cpp, line 759]
Event: 8.764 Thread 0x000001734e1d3590 Exception <a 'java/io/FileNotFoundException'{0x00000000e604bd58}> (0x00000000e604bd58) 
thrown [s\src\hotspot\share\prims\jni.cpp, line 516]
Event: 8.823 Thread 0x000001734e1d3590 Exception <a 'java/lang/NoSuchMethodError'{0x00000000e5c21c20}: 'java.lang.Object java.lang.invoke.DirectMethodHandle$Holder.invokeSpecial(java.lang.Object, java.lang.Object, java.lang.Object, long, int)'> (0x00000000e5c21c20) 
thrown [s\src\hotspot\share\interpreter\linkResolver.cpp, line 759]
Event: 8.823 Thread 0x000001734e1d3590 Exception <a 'java/lang/NoSuchMethodError'{0x00000000e5c259d8}: 'java.lang.Object java.lang.invoke.Invokers$Holder.linkToTargetMethod(java.lang.Object, long, int, java.lang.Object)'> (0x00000000e5c259d8) 
thrown [s\src\hotspot\share\interpreter\linkResolver.cpp, line 759]

VM Operations (20 events):
Event: 7.324 Executing VM operation: HandshakeAllThreads
Event: 7.325 Executing VM operation: HandshakeAllThreads done
Event: 7.372 Executing VM operation: HandshakeAllThreads
Event: 7.372 Executing VM operation: HandshakeAllThreads done
Event: 7.546 Executing VM operation: HandshakeAllThreads
Event: 7.546 Executing VM operation: HandshakeAllThreads done
Event: 7.549 Executing VM operation: HandshakeAllThreads
Event: 7.549 Executing VM operation: HandshakeAllThreads done
Event: 7.901 Executing VM operation: HandshakeAllThreads
Event: 7.901 Executing VM operation: HandshakeAllThreads done
Event: 7.983 Executing VM operation: HandshakeAllThreads
Event: 7.984 Executing VM operation: HandshakeAllThreads done
Event: 8.301 Executing VM operation: G1CollectForAllocation
Event: 8.317 Executing VM operation: G1CollectForAllocation done
Event: 8.479 Executing VM operation: HandshakeAllThreads
Event: 8.479 Executing VM operation: HandshakeAllThreads done
Event: 8.719 Executing VM operation: HandshakeAllThreads
Event: 8.719 Executing VM operation: HandshakeAllThreads done
Event: 8.767 Executing VM operation: HandshakeAllThreads
Event: 8.767 Executing VM operation: HandshakeAllThreads done

Memory protections (0 events):
No events

Nmethod flushes (0 events):
No events

Events (20 events):
Event: 4.557 Thread 0x000001734e1d49d0 Thread exited: 0x000001734e1d49d0
Event: 4.766 Thread 0x000001734e1d3080 Thread exited: 0x000001734e1d3080
Event: 5.032 Thread 0x000001734daaaa40 Thread added: 0x000001734e1d1c40
Event: 5.036 Thread 0x000001734e1d1c40 Thread exited: 0x000001734e1d1c40
Event: 5.042 Thread 0x000001734e1d3590 Thread added: 0x000001734e1d4ee0
Event: 5.117 Thread 0x000001734e1d4ee0 Thread exited: 0x000001734e1d4ee0
Event: 5.539 Thread 0x000001734daaaa40 Thread added: 0x000001734e1d4ee0
Event: 5.542 Thread 0x000001734e1d4ee0 Thread exited: 0x000001734e1d4ee0
Event: 6.043 Thread 0x000001734daaaa40 Thread added: 0x000001734e1d49d0
Event: 6.047 Thread 0x000001734e1d49d0 Thread exited: 0x000001734e1d49d0
Event: 6.548 Thread 0x000001734daaaa40 Thread added: 0x000001734e1d49d0
Event: 6.551 Thread 0x000001734e1d49d0 Thread exited: 0x000001734e1d49d0
Event: 7.052 Thread 0x000001734daaaa40 Thread added: 0x000001734e1d1c40
Event: 7.056 Thread 0x000001734e1d1c40 Thread exited: 0x000001734e1d1c40
Event: 7.558 Thread 0x000001734daaaa40 Thread added: 0x000001734e1d49d0
Event: 7.569 Thread 0x000001734e1d49d0 Thread exited: 0x000001734e1d49d0
Event: 8.067 Thread 0x000001734daaaa40 Thread added: 0x000001734e1d49d0
Event: 8.071 Thread 0x000001734e1d49d0 Thread exited: 0x000001734e1d49d0
Event: 8.573 Thread 0x000001734daaaa40 Thread added: 0x000001734e1d49d0
Event: 8.576 Thread 0x000001734e1d49d0 Thread exited: 0x000001734e1d49d0


Dynamic libraries:
0x00007ff769570000 - 0x00007ff76957e000 	C:\Users\GNEX_DIGITAL\.jdks\ms-17.0.19\bin\java.exe
0x00007ffd2fc90000 - 0x00007ffd2fe88000 	C:\Windows\SYSTEM32\ntdll.dll
0x00007ffd2df80000 - 0x00007ffd2e03f000 	C:\Windows\System32\KERNEL32.DLL
0x00007ffd2d8d0000 - 0x00007ffd2dba2000 	C:\Windows\System32\KERNELBASE.dll
0x00007ffd2dbb0000 - 0x00007ffd2dcb0000 	C:\Windows\System32\ucrtbase.dll
0x00007ffd25710000 - 0x00007ffd25728000 	C:\Users\GNEX_DIGITAL\.jdks\ms-17.0.19\bin\jli.dll
0x00007ffd2e100000 - 0x00007ffd2e2a1000 	C:\Windows\System32\USER32.dll
0x00007ffd2d690000 - 0x00007ffd2d6b2000 	C:\Windows\System32\win32u.dll
0x00007ffd2e2b0000 - 0x00007ffd2e2db000 	C:\Windows\System32\GDI32.dll
0x00007ffd2d580000 - 0x00007ffd2d68f000 	C:\Windows\System32\gdi32full.dll
0x00007ffd2d490000 - 0x00007ffd2d52d000 	C:\Windows\System32\msvcp_win.dll
0x00007ffd264e0000 - 0x00007ffd264fe000 	C:\Users\GNEX_DIGITAL\.jdks\ms-17.0.19\bin\VCRUNTIME140.dll
0x00007ffd17cb0000 - 0x00007ffd17f4a000 	C:\Windows\WinSxS\amd64_microsoft.windows.common-controls_6595b64144ccf1df_6.0.19041.1110_none_60b5254171f9507e\COMCTL32.dll
0x00007ffd2eab0000 - 0x00007ffd2eb4e000 	C:\Windows\System32\msvcrt.dll
0x00007ffd2f0a0000 - 0x00007ffd2f0d0000 	C:\Windows\System32\IMM32.DLL
0x00007ffd28690000 - 0x00007ffd2869c000 	C:\Users\GNEX_DIGITAL\.jdks\ms-17.0.19\bin\vcruntime140_1.dll
0x00007ffcfbb10000 - 0x00007ffcfbb99000 	C:\Users\GNEX_DIGITAL\.jdks\ms-17.0.19\bin\msvcp140.dll
0x00007ffcb5570000 - 0x00007ffcb61eb000 	C:\Users\GNEX_DIGITAL\.jdks\ms-17.0.19\bin\server\jvm.dll
0x00007ffd2f2a0000 - 0x00007ffd2f34e000 	C:\Windows\System32\ADVAPI32.dll
0x00007ffd2f200000 - 0x00007ffd2f29c000 	C:\Windows\System32\sechost.dll
0x00007ffd2dce0000 - 0x00007ffd2de04000 	C:\Windows\System32\RPCRT4.dll
0x00007ffd2e510000 - 0x00007ffd2e57b000 	C:\Windows\System32\WS2_32.dll
0x00007ffd2c8d0000 - 0x00007ffd2c91b000 	C:\Windows\SYSTEM32\POWRPROF.dll
0x00007ffd17c00000 - 0x00007ffd17c27000 	C:\Windows\SYSTEM32\WINMM.dll
0x00007ffd22870000 - 0x00007ffd2287a000 	C:\Windows\SYSTEM32\VERSION.dll
0x00007ffd2c790000 - 0x00007ffd2c7a2000 	C:\Windows\SYSTEM32\UMPDC.dll
0x00007ffd2bba0000 - 0x00007ffd2bbb2000 	C:\Windows\SYSTEM32\kernel.appcore.dll
0x00007ffd28670000 - 0x00007ffd2867a000 	C:\Users\GNEX_DIGITAL\.jdks\ms-17.0.19\bin\jimage.dll
0x00007ffd2b100000 - 0x00007ffd2b2e4000 	C:\Windows\SYSTEM32\DBGHELP.DLL
0x00007ffd155e0000 - 0x00007ffd15615000 	C:\Windows\SYSTEM32\dbgcore.DLL
0x00007ffd2d390000 - 0x00007ffd2d412000 	C:\Windows\System32\bcryptPrimitives.dll
0x00007ffd276e0000 - 0x00007ffd276ef000 	C:\Users\GNEX_DIGITAL\.jdks\ms-17.0.19\bin\instrument.dll
0x00007ffd04930000 - 0x00007ffd04956000 	C:\Users\GNEX_DIGITAL\.jdks\ms-17.0.19\bin\java.dll
0x00007ffcf80e0000 - 0x00007ffcf81b6000 	C:\Users\GNEX_DIGITAL\.jdks\ms-17.0.19\bin\jsvml.dll
0x00007ffd2f500000 - 0x00007ffd2fc45000 	C:\Windows\System32\SHELL32.dll
0x00007ffd2b2f0000 - 0x00007ffd2ba82000 	C:\Windows\SYSTEM32\windows.storage.dll
0x00007ffd2ec50000 - 0x00007ffd2efa5000 	C:\Windows\System32\combase.dll
0x00007ffd2cd10000 - 0x00007ffd2cd40000 	C:\Windows\SYSTEM32\Wldp.dll
0x00007ffd2e580000 - 0x00007ffd2e62d000 	C:\Windows\System32\SHCORE.dll
0x00007ffd2e040000 - 0x00007ffd2e095000 	C:\Windows\System32\shlwapi.dll
0x00007ffd2d2d0000 - 0x00007ffd2d2ef000 	C:\Windows\SYSTEM32\profapi.dll
0x00007ffd10c40000 - 0x00007ffd10c58000 	C:\Users\GNEX_DIGITAL\.jdks\ms-17.0.19\bin\zip.dll
0x00007ffd22020000 - 0x00007ffd2203b000 	C:\Users\GNEX_DIGITAL\.jdks\ms-17.0.19\bin\net.dll
0x00007ffd279b0000 - 0x00007ffd27aba000 	C:\Windows\SYSTEM32\WINHTTP.dll
0x00007ffd2caf0000 - 0x00007ffd2cb5a000 	C:\Windows\system32\mswsock.dll
0x00007ffd1f5e0000 - 0x00007ffd1f5f6000 	C:\Users\GNEX_DIGITAL\.jdks\ms-17.0.19\bin\nio.dll
0x00007ffd2c800000 - 0x00007ffd2c8cb000 	C:\Windows\SYSTEM32\DNSAPI.dll
0x00007ffd2c7b0000 - 0x00007ffd2c7eb000 	C:\Windows\SYSTEM32\IPHLPAPI.DLL
0x00007ffd2f090000 - 0x00007ffd2f098000 	C:\Windows\System32\NSI.dll
0x00007ffd216d0000 - 0x00007ffd216da000 	C:\Windows\System32\rasadhlp.dll
0x00007ffd21960000 - 0x00007ffd219e0000 	C:\Windows\System32\fwpuclnt.dll
0x00007ffd2dcb0000 - 0x00007ffd2dcd7000 	C:\Windows\System32\bcrypt.dll
0x00007ffd25760000 - 0x00007ffd25769000 	C:\Users\GNEX_DIGITAL\.jdks\ms-17.0.19\bin\extnet.dll
0x00007ffd26b10000 - 0x00007ffd26b1a000 	C:\Users\GNEX_DIGITAL\.jdks\ms-17.0.19\bin\management.dll
0x00007ffd25870000 - 0x00007ffd2587c000 	C:\Users\GNEX_DIGITAL\.jdks\ms-17.0.19\bin\management_ext.dll
0x00007ffd2f080000 - 0x00007ffd2f088000 	C:\Windows\System32\PSAPI.DLL
0x00007ffd2cd50000 - 0x00007ffd2cd68000 	C:\Windows\SYSTEM32\CRYPTSP.dll
0x00007ffd2c3c0000 - 0x00007ffd2c3f4000 	C:\Windows\system32\rsaenh.dll
0x00007ffd2d250000 - 0x00007ffd2d27e000 	C:\Windows\SYSTEM32\USERENV.dll
0x00007ffd2cc80000 - 0x00007ffd2cc8c000 	C:\Windows\SYSTEM32\CRYPTBASE.dll
0x00007ffd1f110000 - 0x00007ffd1f127000 	C:\Windows\SYSTEM32\dhcpcsvc6.DLL
0x00007ffd1f070000 - 0x00007ffd1f08d000 	C:\Windows\SYSTEM32\dhcpcsvc.DLL
0x00007ffd0d830000 - 0x00007ffd0d847000 	C:\Windows\system32\napinsp.dll
0x00007ffd0d810000 - 0x00007ffd0d82b000 	C:\Windows\system32\pnrpnsp.dll
0x00007ffd27bc0000 - 0x00007ffd27bd5000 	C:\Windows\system32\wshbth.dll
0x00007ffd28880000 - 0x00007ffd2889d000 	C:\Windows\system32\NLAapi.dll
0x00007ffd0d7f0000 - 0x00007ffd0d802000 	C:\Windows\System32\winrnr.dll
0x00007ffd0f520000 - 0x00007ffd0f569000 	C:\Windows\SYSTEM32\pdh.dll
0x00007ffd28960000 - 0x00007ffd2896f000 	C:\Windows\System32\perfproc.dll
0x00007ffd28950000 - 0x00007ffd2895f000 	C:\Windows\System32\perfos.dll
0x00007ffd20910000 - 0x00007ffd2091e000 	C:\Users\GNEX_DIGITAL\.jdks\ms-17.0.19\bin\sunmscapi.dll
0x00007ffd2d6c0000 - 0x00007ffd2d816000 	C:\Windows\System32\CRYPT32.dll
0x00007ffd2ce60000 - 0x00007ffd2ce87000 	C:\Windows\SYSTEM32\ncrypt.dll
0x00007ffd2ce20000 - 0x00007ffd2ce5b000 	C:\Windows\SYSTEM32\NTASN1.dll
0x00007ffd20840000 - 0x00007ffd20850000 	C:\Users\GNEX_DIGITAL\.jdks\ms-17.0.19\bin\verify.dll

dbghelp: loaded successfully - version: 4.0.5 - missing functions: none
symbol engine: initialized successfully - sym options: 0x614 - pdb path: .;C:\Users\GNEX_DIGITAL\.jdks\ms-17.0.19\bin;C:\Windows\SYSTEM32;C:\Windows\WinSxS\amd64_microsoft.windows.common-controls_6595b64144ccf1df_6.0.19041.1110_none_60b5254171f9507e;C:\Users\GNEX_DIGITAL\.jdks\ms-17.0.19\bin\server

VM Arguments:
jvm_args: -Xms128m -Xmx512m -XX:TieredStopAtLevel=1 -Dspring.output.ansi.enabled=always -Dcom.sun.management.jmxremote -Dspring.jmx.enabled=true -Dspring.liveBeansView.mbeanDomain -Dspring.application.admin.enabled=true -Dmanagement.endpoints.jmx.exposure.include=* -javaagent:D:\IntelliJ IDEA 2026.1.4\lib\idea_rt.jar=55237 -Dfile.encoding=UTF-8 
java_command: com.zosh.SeatServiceApplication
java_class_path (initial): D:\Airline Project\Backend\Microservices\services\seat-service\target\classes;D:\Airline Project\Backend\Microservices\common-lib\target\classes;C:\Users\GNEX_DIGITAL\.m2\repository\org\springframework\boot\spring-boot-starter-validation\4.0.2\spring-boot-starter-validation-4.0.2.jar;C:\Users\GNEX_DIGITAL\.m2\repository\org\springframework\boot\spring-boot-validation\4.0.2\spring-boot-validation-4.0.2.jar;C:\Users\GNEX_DIGITAL\.m2\repository\org\apache\tomcat\embed\tomcat-embed-el\11.0.15\tomcat-embed-el-11.0.15.jar;C:\Users\GNEX_DIGITAL\.m2\repository\org\hibernate\validator\hibernate-validator\9.0.1.Final\hibernate-validator-9.0.1.Final.jar;C:\Users\GNEX_DIGITAL\.m2\repository\org\jboss\logging\jboss-logging\3.6.1.Final\jboss-logging-3.6.1.Final.jar;C:\Users\GNEX_DIGITAL\.m2\repository\com\fasterxml\classmate\1.7.3\classmate-1.7.3.jar;C:\Users\GNEX_DIGITAL\.m2\repository\org\springframework\boot\spring-boot-starter-data-jpa\4.0.2\spring-boot-starter-data-jpa-4.0.2.jar;C:\Users\GNEX_DIGITAL\.m2\repository\org\springframework\boot\spring-boot-starter\4.0.2\spring-boot-starter-4.0.2.jar;C:\Users\GNEX_DIGITAL\.m2\repository\org\springframework\boot\spring-boot-starter-logging\4.0.2\spring-boot-starter-logging-4.0.2.jar;C:\Users\GNEX_DIGITAL\.m2\repository\ch\qos\logback\logback-classic\1.5.25\logback-classic-1.5.25.jar;C:\Users\GNEX_DIGITAL\.m2\repository\ch\qos\logback\logback-core\1.5.25\logback-core-1.5.25.jar;C:\Users\GNEX_DIGITAL\.m2\repository\org\apache\logging\log4j\log4j-to-slf4j\2.25.3\log4j-to-slf4j-2.25.3.jar;C:\Users\GNEX_DIGITAL\.m2\repository\org\slf4j\jul-to-slf4j\2.0.17\jul-to-slf4j-2.0.17.jar;C:\Users\GNEX_DIGITAL\.m2\repository\jakarta\annotation\jakarta.annotation-api\3.0.0\jakarta.annotation-api-3.0.0.jar;C:\Users\GNEX_DIGITAL\.m2\repository\org\yaml\snakeyaml\2.5\snakeyaml-2.5.jar;C:\Users\GNEX_DIGITAL\.m2\repository\org\springframework\boot\spring-boot-starter-jdbc\4.0.2\spring-boot-starter-jdbc-4.0.2.jar;C:\Users\GN
Launcher Type: SUN_STANDARD

[Global flags]
     intx CICompilerCount                          = 3                                         {product} {ergonomic}
     uint ConcGCThreads                            = 1                                         {product} {ergonomic}
     uint G1ConcRefinementThreads                  = 4                                         {product} {ergonomic}
   size_t G1HeapRegionSize                         = 1048576                                   {product} {ergonomic}
    uintx GCDrainStackTargetSize                   = 64                                        {product} {ergonomic}
   size_t InitialHeapSize                          = 134217728                                 {product} {command line}
     bool ManagementServer                         = true                                      {product} {command line}
   size_t MarkStackSize                            = 4194304                                   {product} {ergonomic}
   size_t MaxHeapSize                              = 536870912                                 {product} {command line}
   size_t MaxNewSize                               = 321912832                                 {product} {ergonomic}
   size_t MinHeapDeltaBytes                        = 1048576                                   {product} {ergonomic}
   size_t MinHeapSize                              = 134217728                                 {product} {command line}
    uintx NonProfiledCodeHeapSize                  = 0                                      {pd product} {ergonomic}
     bool ProfileInterpreter                       = false                                  {pd product} {command line}
    uintx ProfiledCodeHeapSize                     = 0                                      {pd product} {ergonomic}
   size_t SoftMaxHeapSize                          = 536870912                              {manageable} {ergonomic}
     intx TieredStopAtLevel                        = 1                                         {product} {command line}
     bool UseCompressedClassPointers               = true                           {product lp64_product} {ergonomic}
     bool UseCompressedOops                        = true                           {product lp64_product} {ergonomic}
     bool UseG1GC                                  = true                                      {product} {ergonomic}
     bool UseLargePagesIndividualAllocation        = false                                  {pd product} {ergonomic}

Logging:
Log output configuration:
 #0: stdout all=warning uptime,level,tags
 #1: stderr all=off uptime,level,tags

Environment Variables:
JAVA_HOME=C:\Program Files\Java\latest\jdk-17
PATH=C:\Python314\Scripts\;C:\Python314\;C:\Program Files\Common Files\Oracle\Java\javapath;C:\Windows\system32;C:\Windows;C:\Windows\System32\Wbem;C:\Windows\System32\WindowsPowerShell\v1.0\;C:\Windows\System32\OpenSSH\;C:\Program Files\Java\latest\jdk-17\bin;C:\Program Files\Maven\apache-maven-3.9.16\bin;D:\Git\cmd;C:\Program Files\nodejs\;C:\ProgramData\chocolatey\bin;;C:\Program Files\Docker\Docker\resources\bin;C:\Users\GNEX_DIGITAL\AppData\Local\Microsoft\WindowsApps;D:\IntelliJ IDEA 2026.1.4\bin;D:\Microsoft VS Code\bin;C:\Users\GNEX_DIGITAL\AppData\Roaming\npm;D:\Antigravity IDE\bin
USERNAME=GNEX_DIGITAL
OS=Windows_NT
PROCESSOR_IDENTIFIER=Intel64 Family 6 Model 140 Stepping 1, GenuineIntel
TMP=C:\Users\GNEX_D~1\AppData\Local\Temp
TEMP=C:\Users\GNEX_D~1\AppData\Local\Temp



Periodic native trim disabled


---------------  S Y S T E M  ---------------

OS:
 Windows 10 , 64 bit Build 19041 (10.0.19041.2546)
OS uptime: 4 days 12:11 hours
Hyper-V role detected

CPU: total 4 (initial active 4) (2 cores per cpu, 2 threads per core) family 6 model 140 stepping 1 microcode 0x9a, cx8, cmov, fxsr, ht, mmx, 3dnowpref, sse, sse2, sse3, ssse3, sse4.1, sse4.2, popcnt, lzcnt, tsc, tscinvbit, avx, avx2, aes, erms, clmul, bmi1, bmi2, adx, avx512f, avx512dq, avx512cd, avx512bw, avx512vl, sha, fma, vzeroupper, avx512_vpopcntdq, avx512_vpclmulqdq, avx512_vaes, avx512_vnni, clflush, clflushopt, clwb, avx512_vbmi2, avx512_vbmi, hv
Processor Information for the first 4 processors :
  Max Mhz: 2995, Current Mhz: 2995, Mhz Limit: 2995

Memory: 4k page, system-wide physical 12087M (356M free)
TotalPageFile size 27631M (AvailPageFile size 12M)
current process WorkingSet (physical memory assigned to process): 259M, peak: 259M
current process commit charge ("private bytes"): 306M, peak: 306M

vm_info: OpenJDK 64-Bit Server VM (17.0.19+10-LTS) for windows-amd64 JRE (17.0.19+10-LTS), built on Apr 18 2026 18:24:40 by "MicrosoftCorporation" with MS VC++ 17.14 (VS2022)

END.
